insert into PUB_MODULES values ('planMaintain', '采办计划', 'DivisionRule', '1', 0);
insert into PUB_MODULES values ('HandledPlan', '已处理的采办计划', 'plan', '1', 0);
insert into PUB_MODULES values ('MyPlan', '我的采办计划', 'plan', '1', 0);
insert into PUB_MODULES values ('PR0003', '04采办申请', 'PR0003', '1', 4);
insert into PUB_MODULES values ('sysrpt001', '09采办状态追踪报表', 'sysrpt001', '1', 9);
insert into PUB_MODULES values ('systemamin', '07系统配置', 'systemamin', '1', 7);
insert into PUB_MODULES values ('PurchaseRequisition001', '创建采办需求', 'Requisition', '1', 0);
insert into PUB_MODULES values ('prccp', '03集中采购', 'prccp', '1', 3);
insert into PUB_MODULES values ('SystemCommonModule', '00系统公共功能', 'SystemCommonModule', '1', 0);
insert into PUB_MODULES values ('BASE', '08系统管理', 'BASE', '0', 8);
insert into PUB_MODULES values ('BASE00', '公共资源', 'BASE', '1', null);
insert into PUB_MODULES values ('BSP00', '系统管理', 'BASE', '1', null);
insert into PUB_MODULES values ('BSP01', '组织结构', 'BASE', '1', null);
insert into PUB_MODULES values ('BSP02', '机构日历', 'BASE', '1', null);
insert into PUB_MODULES values ('BSP03', '权限管理', 'BASE', '1', 0);
insert into PUB_MODULES values ('BSP04', '菜单维护', 'BASE', '1', null);
insert into PUB_MODULES values ('BSP05', '邮件', 'BASE', '1', null);
insert into PUB_MODULES values ('BSP06', '辅助功能', 'BASE', '1', null);
insert into PUB_MODULES values ('BSP07', '报表管理', 'BASE', '1', null);
insert into PUB_MODULES values ('PUBTOOL', '组件服务', 'BASE', '0', 16);
insert into PUB_MODULES values ('PUBTOOL01', '通用选择', 'PUBTOOL', '1', 0);
insert into PUB_MODULES values ('WORKFLOW', '工作流基本操作', 'BASE', '1', 0);
insert into PUB_MODULES values ('PRW_SCREENFIELD', '屏幕字段说明', 'BASE', '1', 23);
insert into PUB_MODULES values ('CentralPurchase', '集中采购', 'DivisionRule', '1', 1);
insert into PUB_MODULES values ('prcbr', '合并分派', 'DivisionRule', '1', 0);
insert into PUB_MODULES values ('divide', '需求合并/分派', 'Requisition', '1', 0);
insert into PUB_MODULES values ('Requisition', '02采办需求', 'Requisition', '0', 2);
insert into PUB_MODULES values ('manage', '管理采办需求', 'Requisition', '1', 0);
insert into PUB_MODULES values ('MP_CMP_MESSAG', '复杂消息', 'MPMSG', '1', 4);
insert into PUB_MODULES values ('MP_MESSAG', '消息队列', 'MPMSG', '1', 4);
insert into PUB_MODULES values ('MP_MESSAG_LOG', '消息日志', 'MPMSG', '1', 4);
insert into PUB_MODULES values ('MPMSG', '消息平台', 'BASE', '0', 23);
insert into PUB_MODULES values ('SYS_MESSAG', '系统在线消息提醒', 'BASE', '1', 4);
insert into PUB_MODULES values ('WF_PROCESS_TYPE', '流程管理', 'BASE', '1', 0);
insert into PUB_MODULES values ('WF_PROCESS_FILES', '流程文件列表', 'BASE', '1', 25);
insert into PUB_MODULES values ('WF_MANAGE_FILES', '流程定义文件', 'BASE', '1', 23);
insert into PUB_MODULES values ('DivisionRule', '06业务规则', 'DivisionRule', '0', 6);
insert into PUB_MODULES values ('PurchaseApplication', '采办申请', 'DivisionRule', '1', 2);
insert into PUB_MODULES values ('rfxform01', '05寻源单据', 'rfxform01', '1', 5);
insert into PUB_MODULES values ('EXCEL01', '批量导入采办需求', 'Requisition', '1', 0);
insert into PUB_MODULES values ('plan', '01采办计划', 'plan', '0', 1);
insert into PUB_MODULES values ('updateplan', '提报采办计划', 'plan', '1', 0);
insert into PUB_MODULES values ('PlanManage', '管理采办计划', 'plan', '1', 0);
insert into PUB_MODULES values ('unusedModule', '10未启用模块', 'unusedModule', '0', 9);
insert into PUB_MODULES values ('PlanProcess', '审批采办计划', 'plan', '1', 0);
insert into PUB_MODULES values ('IMPORTPLAN', '批量导入采办计划', 'plan', '1', 0);
commit;
insert into PUB_FUNCTIONS values ('MP_CMP_MESSAG', 'MP_CMP_MESSAG', '复杂消息维护', 'MP_CMP_MESSAG', '1', null, 0);
insert into PUB_FUNCTIONS values ('MP_MESSAG', 'MP_MESSAG', '消息队列维护', 'MP_MESSAG', '1', null, 0);
insert into PUB_FUNCTIONS values ('MP_MESSAG_LOG', 'MP_MESSAG_LOG', '消息日志维护', 'MP_MESSAG_LOG', '1', null, 0);
insert into PUB_FUNCTIONS values ('SYS_MESSAG', 'SYS_MESSAG', '系统在线消息提醒', 'SYS_MESSAG', '0', null, 1);
insert into PUB_FUNCTIONS values ('WF_PROCESS_TYPE', 'WF_PROCESS_TYPE', '流程类型维护', 'WF_PROCESS_TYPE', '0', null, 1);
insert into PUB_FUNCTIONS values ('WF_MANAGE_FILES', 'WF_MANAGE_FILES', '流程定义文件维护', 'WF_MANAGE_FILES', '0', null, 1);
insert into PUB_FUNCTIONS values ('PUB_COMHELP', 'PUB_COMHELP', '通用选择维护', 'SystemCommonModule', '0', null, 2);
insert into PUB_FUNCTIONS values ('PRW_HEADPRAPPLY', 'PRW_HEADPRAPPLY', '总公司审批策略维护', 'PurchaseApplication', '0', null, 8);
insert into PUB_FUNCTIONS values ('BUOJBECT01', 'BUOJBECT01', '组织架构设置', 'systemamin', '0', null, 4);
insert into PUB_FUNCTIONS values ('PRW_APPROVETACTIC_ACT', 'PRW_APPROVETACTIC_ACT', '审批路径设置', 'PurchaseApplication', '0', null, 4);
insert into PUB_FUNCTIONS values ('updateplan02', 'updateplan02', '提报采办计划', 'updateplan', '0', null, 0);
insert into PUB_FUNCTIONS values ('PlanManage01', 'PlanManage01', '管理采办计划', 'PlanManage', '0', null, 0);
insert into PUB_FUNCTIONS values ('PlanProcess01', 'PlanProcess01', '审批采办计划', 'PlanProcess', '0', null, 0);
insert into PUB_FUNCTIONS values ('changeRfx', 'changeRfx', '变更寻源单据', 'rfxform01', '0', null, 0);
insert into PUB_FUNCTIONS values ('IMPORTPLAN02', 'IMPORTPLAN02', '批量导入采办计划', 'IMPORTPLAN', '0', null, 0);
insert into PUB_FUNCTIONS values ('EXCELIMPORT002', 'EXCELIMPORT002', '批量导入审批路径', 'PurchaseApplication', '0', null, 0);
insert into PUB_FUNCTIONS values ('planMaintainFunction', 'planMaintainFunction', '采办计划', 'planMaintain', '0', null, 0);
insert into PUB_FUNCTIONS values ('MyPlan01', 'MyPlan01', '我的采办计划', 'MyPlan', '0', null, 0);
insert into PUB_FUNCTIONS values ('PRLOC01', 'PRLOC01', '申请单本地', 'PR0003', '0', null, 3);
insert into PUB_FUNCTIONS values ('PRHEAD01', 'PRHEAD01', '申请单总部', 'PR0003', '0', null, 4);
insert into PUB_FUNCTIONS values ('HandledPlan01', 'HandledPlan01', '已处理的采办计划', 'HandledPlan', '0', null, 0);
insert into PUB_FUNCTIONS values ('createApply', 'createApplyButton', '根据计划创建采办申请', 'updateplan', '0', null, 0);
insert into PUB_FUNCTIONS values ('prccp07', 'prccp07', '提交集中采购(二级)', 'prccp', '0', null, 0);
insert into PUB_FUNCTIONS values ('prc02510', 'prc02510', '集中采购合并分派(二级)', 'prccp', '0', null, 0);
insert into PUB_FUNCTIONS values ('prc2545662', 'prc2545662', '管理集中采购(二级)', 'prccp', '0', null, 0);
insert into PUB_FUNCTIONS values ('prc256889', 'prc256889', '审核集中采购(二级)', 'prccp', '0', null, 0);
insert into PUB_FUNCTIONS values ('RevokeApply', 'RevokeApply', '撤销审批', 'PR0003', '0', null, 7);
insert into PUB_FUNCTIONS values ('changeapplypr', 'changeapplypr', '变更采办申请', 'PR0003', '0', null, 11);
insert into PUB_FUNCTIONS values ('rfxform02', 'rfxform02', '未处理寻源单据', 'rfxform01', '0', null, 0);
insert into PUB_FUNCTIONS values ('prccp04', 'prccp04', '集中采购合并分派', 'prccp', '0', null, 1);
insert into PUB_FUNCTIONS values ('FEETYPE001', 'FEETYPE001', '费用类型设置', 'PurchaseApplication', '0', null, 1);
insert into PUB_FUNCTIONS values ('PRW_PRPOSITION_MANAGE', 'PRW_PRPOSITION_MANAGE', '集团采办岗设置', 'PurchaseApplication', '0', null, 5);
insert into PUB_FUNCTIONS values ('sysindex013221f1', 'sysindex013221f1', '首页', 'SystemCommonModule', '0', null, 0);
insert into PUB_FUNCTIONS values ('EXCEL02', 'EXCEL02', '批量导入采办需求', 'EXCEL01', '0', null, 0);
insert into PUB_FUNCTIONS values ('MH001', 'MH001', '修改历史', 'SystemCommonModule', '0', null, 1);
insert into PUB_FUNCTIONS values ('PR000308', 'PR000308', '授权采办申请（本地）', 'PR0003', '0', null, 12);
insert into PUB_FUNCTIONS values ('PROCUREMENTWAYS001', 'PROCUREMENTWAYS001', '采办方式及采办理由设置', 'PurchaseApplication', '0', null, 2);
insert into PUB_FUNCTIONS values ('RFXTEMP001', 'RFXTEMP001', '维护RFX模板信息', 'PurchaseApplication', '0', null, 6);
insert into PUB_FUNCTIONS values ('PR000304', 'PR000304', '管理采办申请', 'PR0003', '0', null, 8);
insert into PUB_FUNCTIONS values ('PR000305', 'PR000305', '审批采办申请', 'PR0003', '0', null, 2);
insert into PUB_FUNCTIONS values ('PR000306', 'PR000306', '已退回的采办申请', 'PR0003', '0', null, 9);
insert into PUB_FUNCTIONS values ('PR000307', 'PR000307', '我的已处理清单（本地）', 'PR0003', '0', null, 5);
insert into PUB_FUNCTIONS values ('PR000301', 'PR000301', '已导入采办申请', 'PR0003', '0', null, 10);
insert into PUB_FUNCTIONS values ('rfxform03', 'rfxform03', '已处理寻源单据', 'rfxform01', '0', null, 0);
insert into PUB_FUNCTIONS values ('PR000302', 'PR000302', '提报采办申请', 'PR0003', '0', null, 1);
insert into PUB_FUNCTIONS values ('PR000303', 'PR000303', '批量导入采办申请', 'PR0003', '0', null, 0);
insert into PUB_FUNCTIONS values ('sysrptfun001', '采办状态跟踪报表', '采办状态跟踪报表', 'sysrpt001', '0', null, 0);
insert into PUB_FUNCTIONS values ('PRW_MAINTAINPROJNAME', 'PRW_MAINTAINPROJNAME', '项目名称维护', 'PurchaseApplication', '0', null, 0);
insert into PUB_FUNCTIONS values ('attachment', 'attachment001', '附件分类管理', 'systemamin', '0', null, 3);
insert into PUB_FUNCTIONS values ('prcCatalog', '0001', '集中采购目录清单维护', 'CentralPurchase', '0', null, 0);
insert into PUB_FUNCTIONS values ('PurchaseRequisition002', 'PurchaseRequisition002', '创建采办需求', 'PurchaseRequisition001', '0', null, 1);
insert into PUB_FUNCTIONS values ('PurchaseRequisition003', 'PurchaseRequisition003', '管理采办需求', 'manage', '0', null, 0);
insert into PUB_FUNCTIONS values ('PRC0002', 'PRC0002', '货币单位', 'systemamin', '0', null, 1);
insert into PUB_FUNCTIONS values ('prcmeasure', '0000', '计量单位维护', 'systemamin', '0', null, 2);
insert into PUB_FUNCTIONS values ('prccp03', 'prccp03', '管理集中采购', 'prccp', '0', null, 2);
insert into PUB_FUNCTIONS values ('prccp01', 'prccp01', '提交集中采购申请', 'prccp', '0', null, 0);
insert into PUB_FUNCTIONS values ('prccp02', 'prccp02', '审核集中采购', 'prccp', '0', null, 3);
insert into PUB_FUNCTIONS values ('PRW_TACTIC_INSTANCE', 'PRW_TACTIC_INSTANCE', '审批策略实例维护', 'PurchaseApplication', '0', null, 7);
insert into PUB_FUNCTIONS values ('PRW_APPROVETACTIC', 'PRW_APPROVETACTIC', '本地审批策略维护', 'PurchaseApplication', '0', null, 9);
insert into PUB_FUNCTIONS values ('scmUserSelector', 'scmUserSelector', '用户选择器', 'SystemCommonModule', '0', null, 2);
insert into PUB_FUNCTIONS values ('scmProductSelector', 'scmProductSelector', '物料选择器', 'SystemCommonModule', '0', null, 5);
insert into PUB_FUNCTIONS values ('scmCategorySelector', 'scmCategorySelector', '类别选择器', 'SystemCommonModule', '0', null, 4);
insert into PUB_FUNCTIONS values ('sccheckroleparams001', 'sccheckroleparams001', '关键指标设置', 'PurchaseApplication', '0', null, 3);
insert into PUB_FUNCTIONS values ('workflowext01', 'workflowext01', '工作流扩展', 'WORKFLOW', '0', null, 0);
insert into PUB_FUNCTIONS values ('BASE0001', 'BASE0001', '检索组织结构', 'BASE00', '0', null, null);
insert into PUB_FUNCTIONS values ('BASE0002', 'BASE0002', '获得角色列表帮助', 'BASE00', '0', null, null);
insert into PUB_FUNCTIONS values ('BASE0003', 'BASE0003', '修改我的用户密码', 'BASE00', '0', null, null);
insert into PUB_FUNCTIONS values ('BASE0004', 'BASE0004', '修改我的个人信息', 'BASE00', '0', null, null);
insert into PUB_FUNCTIONS values ('BASE0005', 'BASE0005', '检索行政区域', 'BASE00', '0', null, null);
insert into PUB_FUNCTIONS values ('BASE0006', 'BASE0006', '我的快捷菜单', 'BASE00', '1', null, null);
insert into PUB_FUNCTIONS values ('BASE0007', 'BASE0007', '切换菜单', 'BASE00', '1', null, null);
insert into PUB_FUNCTIONS values ('BASE0008', 'BASE0008', '首页定制', 'systemamin', '1', null, 0);
insert into PUB_FUNCTIONS values ('BSP0001', 'BSP0001', '业务流水', 'BSP00', '1', null, null);
insert into PUB_FUNCTIONS values ('BSP0101', 'BSP0101', '定义国家（地区）', 'BSP01', '0', null, null);
insert into PUB_FUNCTIONS values ('BSP0102', 'BSP0102', '定义行政区域', 'BSP01', '0', null, null);
insert into PUB_FUNCTIONS values ('BSP0103', 'BSP0103', '定义工作地点', 'BSP01', '0', null, null);
insert into PUB_FUNCTIONS values ('BSP0104', 'BSP0104', '定义组织类型', 'BSP01', '0', null, null);
insert into PUB_FUNCTIONS values ('BSP0105', 'BSP0105', '定义人事事件类型', 'BSP01', '0', null, null);
insert into PUB_FUNCTIONS values ('BSP0106', 'BSP0106', '定义组织结构规则', 'BSP01', '0', null, null);
insert into PUB_FUNCTIONS values ('BSP0107', 'BSP0107', '组织结构管理', 'BSP01', '0', null, null);
insert into PUB_FUNCTIONS values ('BSP0108', 'BSP0108', '机构参数', 'BSP01', '0', null, null);
insert into PUB_FUNCTIONS values ('BSP0109', 'BSP0109', '组织结构类型', 'BSP01', '0', null, null);
insert into PUB_FUNCTIONS values ('BSP0110', 'BSP0110', '组织结构版本', 'BSP01', '0', null, null);
insert into PUB_FUNCTIONS values ('BSP0111', 'BSP0111', '机构参数类型', 'BSP01', '0', null, null);
insert into PUB_FUNCTIONS values ('BSP0201', 'BSP0201', '财务期间', 'BSP02', '0', null, null);
insert into PUB_FUNCTIONS values ('BSP0202', 'BSP0202', '工作日历', 'BSP02', '0', null, null);
insert into PUB_FUNCTIONS values ('BSP0301', 'BSP0301', '用户设置', 'systemamin', '1', null, 6);
insert into PUB_FUNCTIONS values ('BSP0302', 'BSP0302', '角色设置', 'systemamin', '1', null, 5);
insert into PUB_FUNCTIONS values ('BSP0303', 'BSP0303', '角色模板', 'BSP03', '1', null, null);
insert into PUB_FUNCTIONS values ('BSP0304', 'BSP0304', '不相容角色集', 'BSP03', '1', null, null);
insert into PUB_FUNCTIONS values ('BSP0305', 'BSP0305', '功能资源管理', 'BSP03', '1', null, null);
insert into PUB_FUNCTIONS values ('BSP0306', 'BSP0306', '数据资源管理', 'BSP03', '1', null, null);
insert into PUB_FUNCTIONS values ('BSP0307', 'BSP0307', '切换机构', 'BSP03', '0', null, null);
insert into PUB_FUNCTIONS values ('BSP0308', 'BSP0308', '重置所有用户密码', 'BSP03', '1', null, null);
insert into PUB_FUNCTIONS values ('BSP0309', 'BSP0309', '设置登录日期', 'BSP03', '0', null, null);
insert into PUB_FUNCTIONS values ('BSP0310', 'BSP0310', '在线用户', 'BSP03', '1', null, null);
insert into PUB_FUNCTIONS values ('BSP0311', 'BSP0311', '在线用户历史', 'BSP03', '1', null, null);
insert into PUB_FUNCTIONS values ('BSP0312', 'BSP0312', '审计日志', 'BSP03', '1', null, null);
insert into PUB_FUNCTIONS values ('BSP0313', 'BSP0313', 'LDAP同步数据', 'BSP03', '0', null, null);
insert into PUB_FUNCTIONS values ('BSP0314', 'BSP0314', '数字证书与用户的映射', 'BSP03', '0', null, null);
insert into PUB_FUNCTIONS values ('BSP0401', 'BSP0401', '系统菜单项维护', 'BSP04', '1', null, null);
insert into PUB_FUNCTIONS values ('BSP0402', 'BSP0402', '系统菜单维护', 'BSP04', '1', null, null);
insert into PUB_FUNCTIONS values ('BSP0403', 'BSP0403', '组织个性化菜单', 'BSP04', '1', null, null);
insert into PUB_FUNCTIONS values ('BSP0404', 'BSP0404', '修改用户当前菜单', 'BSP04', '1', null, null);
insert into PUB_FUNCTIONS values ('BSP0501', 'BSP0501', '未读邮件', 'BSP05', '0', null, null);
insert into PUB_FUNCTIONS values ('BSP0502', 'BSP0502', '我的邮箱', 'BSP05', '0', null, null);
insert into PUB_FUNCTIONS values ('BSP0503', 'BSP0503', '新建邮件', 'BSP05', '0', null, null);
insert into PUB_FUNCTIONS values ('BSP0504', 'BSP0504', '文件夹', 'BSP05', '0', null, null);
insert into PUB_FUNCTIONS values ('BSP0505', 'BSP0505', '查询邮件', 'BSP05', '0', null, null);
insert into PUB_FUNCTIONS values ('BSP0506', 'BSP0506', '查询联系人', 'BSP05', '0', null, null);
insert into PUB_FUNCTIONS values ('BSP0507', 'BSP0507', '邮箱设置', 'BSP05', '0', null, null);
insert into PUB_FUNCTIONS values ('BSP0508', 'BSP0508', '个人地址本', 'BSP05', '0', null, null);
insert into PUB_FUNCTIONS values ('BSP0509', 'BSP0509', '黑名单维护', 'BSP05', '0', null, null);
insert into PUB_FUNCTIONS values ('BSP0510', 'BSP0510', '默认邮箱信息', 'BSP05', '0', null, null);
insert into PUB_FUNCTIONS values ('BSP0601', 'BSP0601', '缓存管理', 'BSP06', '1', null, null);
insert into PUB_FUNCTIONS values ('BSP0602', 'BSP0602', '冗余数据检查', 'BSP06', '1', null, null);
insert into PUB_FUNCTIONS values ('BSP0603', 'BSP0603', '系统辅助功能', 'BSP06', '1', null, null);
insert into PUB_FUNCTIONS values ('BSP0604', 'BSP0604', '初始化数据检查', 'BSP06', '1', null, null);
insert into PUB_FUNCTIONS values ('BSP0701', 'BSP0701', '角色访问能力表', 'BSP07', '1', null, null);
insert into PUB_FUNCTIONS values ('BSP0702', 'BSP0702', '用户访问能力表', 'BSP07', '1', null, null);
insert into PUB_FUNCTIONS values ('BSP0703', 'BSP0703', '菜单访问统计表', 'BSP07', '1', null, null);
insert into PUB_FUNCTIONS values ('BSP0704', 'BSP0704', '数据权限查询', 'BSP07', '1', null, null);
insert into PUB_FUNCTIONS values ('BSP0705', 'BSP0705', '组织结构权限查询', 'BSP07', '1', null, null);
insert into PUB_FUNCTIONS values ('BSP0706', 'BSP0706', '功能数据权限查询表', 'BSP07', '1', null, null);
insert into PUB_FUNCTIONS values ('PUBTOOL0101', 'PUBTOOL0101', '通用选择组件管理', 'PUBTOOL01', '1', null, 0);
insert into PUB_FUNCTIONS values ('BSPDEST01', 'BSPDEST01', '首页复制', 'BSP00', '1', null, 0);
insert into PUB_FUNCTIONS values ('WORKFLOW01', 'WORKFLOW01', '工作流类型管理', 'WF_PROCESS_TYPE', '0', null, null);
insert into PUB_FUNCTIONS values ('WORKFLOW02', 'WORKFLOW02', '表单管理', 'WF_PROCESS_TYPE', '0', null, null);
insert into PUB_FUNCTIONS values ('WORKFLOW03', 'WORKFLOW03', '流程管理', 'WF_PROCESS_TYPE', '0', null, null);
insert into PUB_FUNCTIONS values ('WORKFLOW04', 'WORKFLOW04', '任务列表定制', 'WF_PROCESS_TYPE', '0', null, null);
insert into PUB_FUNCTIONS values ('WORKFLOW05', 'WORKFLOW05', '表单打印模板', 'WF_PROCESS_TYPE', '0', null, null);
insert into PUB_FUNCTIONS values ('WORKFLOW06', 'WORKFLOW06', '任务管理', 'WORKFLOW', '0', null, null);
insert into PUB_FUNCTIONS values ('WORKFLOW07', 'WORKFLOW07', '附件操作', 'WORKFLOW', '0', null, null);
insert into PUB_FUNCTIONS values ('WORKFLOW08', 'WORKFLOW08', '流程操作', 'WORKFLOW', '0', null, null);
insert into PUB_FUNCTIONS values ('WORKFLOW09', 'WORKFLOW09', '流程监控', 'WF_PROCESS_TYPE', '0', null, null);
insert into PUB_FUNCTIONS values ('WORKFLOW10', 'WORKFLOW10', '表单操作', 'WORKFLOW', '0', null, null);
insert into PUB_FUNCTIONS values ('WORKFLOW11', 'WORKFLOW11', '流程查询', 'WORKFLOW', '0', null, null);
insert into PUB_FUNCTIONS values ('WORKFLOW12', 'WORKFLOW12', '缓存管理', 'WF_PROCESS_TYPE', '0', null, null);
insert into PUB_FUNCTIONS values ('WORKFLOW13', 'WORKFLOW13', '流程监控', 'WF_PROCESS_TYPE', '0', null, null);
insert into PUB_FUNCTIONS values ('WORKFLOW15', 'WORKFLOW15', '组织树选择', 'WORKFLOW', '0', null, null);
insert into PUB_FUNCTIONS values ('WORKFLOW16', 'WORKFLOW16', '工作流统计分析', 'WF_PROCESS_TYPE', '0', null, null);
insert into PUB_FUNCTIONS values ('WFREPORT15', 'WFREPORT15', '工作流报表', 'WORKFLOW', '0', null, null);
insert into PUB_FUNCTIONS values ('WFREPORT16', 'WFREPORT16', '工作流报表查询', 'WORKFLOW', '0', null, null);
insert into PUB_FUNCTIONS values ('PRW_SCREENFIELD', 'PRW_SCREENFIELD', '屏幕字段说明维护', 'PRW_SCREENFIELD', '0', null, 1);
insert into PUB_FUNCTIONS values ('prcbr03', 'prcbr03', '自动分派、合并功能设置', 'prcbr', '0', null, 0);
insert into PUB_FUNCTIONS values ('prcbr01', 'prcbr01', '维护分派规则', 'prcbr', '0', null, 0);
insert into PUB_FUNCTIONS values ('prcbr02', 'prcbr02', '一级集采的自动流转设置', 'CentralPurchase', '0', null, 2);
insert into PUB_FUNCTIONS values ('PurchaseRequisition010', 'PurchaseRequisition010', '需求合并/分派', 'divide', '0', null, 0);
insert into PUB_FUNCTIONS values ('WF_PROCESS_FILES', 'WF_PROCESS_FILES', '流程文件列表维护', 'WF_PROCESS_FILES', '0', null, 1);
insert into PUB_FUNCTIONS values ('WORKFLOW14', 'WORKFLOW14', '字号维护', 'WORKFLOW', '0', null, null);
insert into PUB_FUNCTIONS values ('PR00089', 'PR00089', '代理授权采办申请', 'PR0003', '0', null, 14);
insert into PUB_FUNCTIONS values ('PR000390', 'PR000390', '授权采办申请（总部）', 'PR0003', '0', null, 13);
insert into PUB_FUNCTIONS values ('PR000311', 'PR000311', '我的已处理清单（总部）', 'PR0003', '0', null, 6);
commit;
insert into PUB_RESOURCES values ('BSP010103', '修改', '修改国家（地区）', 'country.cmd?method=forupdate;country.cmd?method=update', 0, 'BSP0101', '0', '1', '00', null);
insert into PUB_RESOURCES values ('BSP010104', '删除', '删除国家（地区）', 'country.cmd?method=delete', 0, 'BSP0101', '0', '1', '00', null);
insert into PUB_RESOURCES values ('BSP010201', '读取', '读取行政区域信息', 'cantquery.cmd;cant.cmd?method=detail', 0, 'BSP0102', '1', '0', '00', null);
insert into PUB_RESOURCES values ('BSP010202', '增加', '增加行政区域', 'cant.cmd?method=forinsert;cant.cmd?method=insert;cant.cmd?method=insertContinue', 0, 'BSP0102', '0', '1', '00', null);
insert into PUB_RESOURCES values ('BSP010203', '修改', '修改行政区域', 'cant.cmd?method=forupdate;cant.cmd?method=update', 0, 'BSP0102', '0', '1', '00', null);
insert into PUB_RESOURCES values ('BSP010204', '删除', '删除行政区域', 'cant.cmd?method=delete', 0, 'BSP0102', '0', '1', '00', null);
insert into PUB_RESOURCES values ('BSP010301', '读取', '读取工作地点信息', 'workplacequery.cmd;workplace.cmd?method=detail', 0, 'BSP0103', '1', '0', '00', null);
insert into PUB_RESOURCES values ('BSP010302', '增加', '增加工作地点', 'workplace.cmd', 0, 'BSP0103', '0', '1', '00', null);
insert into PUB_RESOURCES values ('BSP010303', '修改', '修改工作地点', 'workplace.cmd?method=forupdate;workplace.cmd?method=update', 0, 'BSP0103', '0', '1', '00', null);
insert into PUB_RESOURCES values ('BSP010304', '删除', '删除工作地点', 'workplace.cmd?method=delete', 0, 'BSP0103', '0', '1', '00', null);
insert into PUB_RESOURCES values ('BSP010401', '读取', '读取组织类型信息', 'organtypequery.cmd;organtype.cmd?method=detail', 0, 'BSP0104', '1', '0', '00', null);
insert into PUB_RESOURCES values ('BSP010402', '增加', '增加组织类型', 'organtype.cmd?method=forinsert;organtype.cmd?method=insert;organtype.cmd?method=insertContinue', 0, 'BSP0104', '0', '1', '00', null);
insert into PUB_RESOURCES values ('BSP010403', '修改', '修改组织类型', 'organtype.cmd?method=forupdate;organtype.cmd?method=update', 0, 'BSP0104', '0', '1', '00', null);
insert into PUB_RESOURCES values ('BSP010404', '删除', '删除组织类型', 'organtype.cmd?method=delete', 0, 'BSP0104', '0', '1', '00', null);
insert into PUB_RESOURCES values ('BSP010501', '读取', '读取人事事件类型信息', 'hrEventTypeQuery.cmd;hreventtype.cmd?method=detail', 0, 'BSP0105', '1', '0', '00', null);
insert into PUB_RESOURCES values ('BSP010502', '增加', '增加人事事件类型', 'hreventtype.cmd?method=forinsert;hreventtype.cmd?method=insert', 0, 'BSP0105', '0', '1', '00', null);
insert into PUB_RESOURCES values ('BSP010503', '修改', '修改人事事件类型', 'hreventtype.cmd?method=forupdate;hreventtype.cmd?method=update', 0, 'BSP0105', '0', '1', '00', null);
insert into PUB_RESOURCES values ('BSP010504', '删除', '删除人事事件类型', 'hreventtype.cmd?method=delete', 0, 'BSP0105', '0', '1', '00', null);
insert into PUB_RESOURCES values ('BSP010601', '读取', '读取组织结构规则信息', 'strurulequery.cmd;strurule.cmd?method=detail;struruleQueryInit.cmd', 0, 'BSP0106', '1', '0', '00', null);
insert into PUB_RESOURCES values ('BSP010602', '增加', '增加组织结构规则', 'strurule.cmd?method=forinsert;strurule.cmd?method=insert;strurule.cmd?method=insertContinue', 0, 'BSP0106', '0', '1', '00', null);
insert into PUB_RESOURCES values ('BSP010603', '修改', '修改组织结构规则', 'strurule.cmd?method=forupdate;strurule.cmd?method=update', 0, 'BSP0106', '0', '1', '00', null);
insert into PUB_RESOURCES values ('BSP010604', '删除', '删除组织结构规则', 'strurule.cmd?method=delete', 0, 'BSP0106', '0', '1', '00', null);
insert into PUB_RESOURCES values ('BSP010701', '读取', '读取组织信息', 'stru.cmd?method=getroot;stru.cmd?method=getnode;stru.cmd?method=detailProxy;hreventquery.cmd', 0, 'BSP0107', '1', '0', '00', null);
insert into PUB_RESOURCES values ('BSP010702', '搜索', '搜索组织列表', 'struquery.cmd', 0, 'BSP0107', '0', '1', '00', null);
insert into PUB_RESOURCES values ('BSP010703', '增加', '增加组织', 'stru.cmd?method=forInsertOrganType;stru.cmd?method=forInsertProxy;stru.cmd?method=insert;stru.cmd?method=add', 0, 'BSP0107', '0', '1', '00', null);
insert into PUB_RESOURCES values ('BSP010704', '修改', '修改组织', 'stru.cmd?method=forUpdateProxy;stru.cmd?method=update', 0, 'BSP0107', '0', '1', '00', null);
insert into PUB_RESOURCES values ('BSP010705', '撤销', '撤销组织', 'stru.cmd?method=forDelete;stru.cmd?method=delete', 0, 'BSP0107', '0', '1', '00', null);
insert into PUB_RESOURCES values ('BSP010706', '排序', '对组织排序', 'stru.cmd?method=getChangeOrderRoot;stru.cmd?method=changeStruOrder', 0, 'BSP0107', '0', '1', '00', null);
insert into PUB_RESOURCES values ('BSP010707', '调动', '办理组织调动', 'stru.cmd?method=getMergeRoot;stru.cmd?method=mergeTo', 0, 'BSP0107', '0', '1', '00', null);
insert into PUB_RESOURCES values ('BSP010708', '导出组织结构', '导出组织结构', 'stru.cmd?method=forExport', 0, 'BSP0107', '0', '1', '00', 1);
insert into PUB_RESOURCES values ('BSP010709', '导出组织结构', '导出组织结构', 'stru.cmd?method=forImport;stru.cmd?method=import', 0, 'BSP0107', '0', '1', '00', 1);
insert into PUB_RESOURCES values ('BSP010801', '读取', '读取机构参数', 'organparmsquery.cmd;organparms.cmd?method=detail;organparmsthelp.cmd;dataresquery.cmd;organparmst.cmd?method=enumValueQuery', 0, 'BSP0108', '1', '0', '00', null);
insert into PUB_RESOURCES values ('BSP010802', '增加', '增加机构参数', 'organparms.cmd?method=forinsert;organparms.cmd?method=insert', 0, 'BSP0108', '0', '1', '00', null);
insert into PUB_RESOURCES values ('BSP010803', '修改', '修改机构参数', 'organparms.cmd?method=forupdate;organparms.cmd?method=update', 0, 'BSP0108', '0', '1', '00', null);
insert into PUB_RESOURCES values ('BSP010804', '删除', '删除机构参数', 'organparms.cmd?method=delete', 0, 'BSP0108', '0', '1', '00', null);
insert into PUB_RESOURCES values ('BSP010901', '读取', '读取组织结构类型信息', 'strutypeQueryInit.cmd;strutypequery.cmd;strutype.cmd?method=detail', 0, 'BSP0109', '1', '0', '00', null);
insert into PUB_RESOURCES values ('BSP010902', '增加', '增加组织结构类型', 'strutype.cmd?method=forinsert;strutype.cmd?method=insert;strutype.cmd?method=insertContinue', 0, 'BSP0109', '0', '1', '00', null);
insert into PUB_RESOURCES values ('BSP010903', '修改', '修改组织结构类型', 'strutype.cmd?method=forupdate;strutype.cmd?method=update', 0, 'BSP0109', '0', '1', '00', null);
insert into PUB_RESOURCES values ('BSP010904', '删除', '删除组织结构类型', 'strutype.cmd?method=fordelete;strutype.cmd?method=delete', 0, 'BSP0109', '0', '1', '00', null);
insert into PUB_RESOURCES values ('BSP011001', '读取', '读取组织结构版本', 'struversionquery.cmd;stru.cmd?method=getHistRoot', 0, 'BSP0110', '1', '0', '00', null);
insert into PUB_RESOURCES values ('BSP011002', '增加', '保存组织结构版本', 'struversion.cmd?method=forinsert;struversion.cmd?method=insert', 0, 'BSP0110', '0', '1', '00', null);
insert into PUB_RESOURCES values ('BSP011003', '修改', '修改组织结构版本信息', 'struversion.cmd?method=forupdate;struversion.cmd?method=update', 0, 'BSP0110', '0', '1', '00', null);
insert into PUB_RESOURCES values ('BSP011004', '删除', '删除组织结构版本', 'struversion.cmd?method=delete', 0, 'BSP0110', '0', '1', '00', null);
insert into PUB_RESOURCES values ('BSP011101', '读取', '读取机构参数类型', 'organparmstquery.cmd;organparmst.cmd?method=detail', 0, 'BSP0111', '1', '0', '00', null);
insert into PUB_RESOURCES values ('BSP011102', '增加', '增加机构参数类型', 'organparmst.cmd?method=forinsert;organparmst.cmd?method=insert', 0, 'BSP0111', '0', '1', '00', null);
insert into PUB_RESOURCES values ('BSP011103', '修改', '修改机构参数类型', 'organparmst.cmd?method=forupdate;organparmst.cmd?method=update', 0, 'BSP0111', '0', '1', '00', null);
insert into PUB_RESOURCES values ('BSP011104', '删除', '删除机构参数类型', 'organparmst.cmd?method=delete', 0, 'BSP0111', '0', '1', '00', null);
insert into PUB_RESOURCES values ('BSP020101', '读取', '读取财务期间信息', 'financialyearquery.cmd;financialyear.cmd?method=detail', 0, 'BSP0201', '1', '0', '00', null);
insert into PUB_RESOURCES values ('BSP020102', '增加', '增加财务期间', 'financialyear.cmd?method=forinsert;financialyear.cmd?method=insert', 0, 'BSP0201', '0', '1', '00', null);
insert into PUB_RESOURCES values ('BSP020103', '修改', '修改财务期间信息', 'financialyear.cmd?method=forupdate;financialyear.cmd?method=update', 0, 'BSP0201', '0', '1', '00', null);
insert into PUB_RESOURCES values ('BSP020104', '删除', '删除财务期间', 'financialyear.cmd?method=delete', 0, 'BSP0201', '0', '1', '00', null);
insert into PUB_RESOURCES values ('BSP020201', '读取', '读取工作日历信息', 'workday.cmd?method=get;workday.cmd?method=detail', 0, 'BSP0202', '1', '0', '00', null);
insert into PUB_RESOURCES values ('BSP020202', '增加', '增加工作日历', 'workday.cmd?method=forinsert_info;workday.cmd?method=insert;workday.cmd?method=forinsert', 0, 'BSP0202', '0', '1', '00', null);
insert into PUB_RESOURCES values ('BSP020203', '修改', '修改工作日历', 'workday.cmd?method=forupdate;workday.cmd?method=update;workday.cmd?method=forupdate', 0, 'BSP0202', '0', '1', '00', null);
insert into PUB_RESOURCES values ('BSP020204', '删除', '删除工作日历', 'workday.cmd?method=delete', 0, 'BSP0202', '0', '1', '00', null);
insert into PUB_RESOURCES values ('BSP030101', '用户信息维护', '用户信息维护', 'user/search/toSearchUser.do;user/search/searchCheckboxInit.do;user/search/searchCheckboxList.do;user/search/searchRadioInit.do;user/search/searchRadioList.do;user.cmd?method=get;user.cmd?method=detail;datarestype.cmd;userQuery.cmd;userdatarefquery.cmd;userext.cmd;user.cmd?method=forImportUser;user.cmd?method=importUser;user.cmd?method=forExportUser;user.cmd?method=forExportOneUser;user.cmd?method=get;user.cmd?method=forupdate;user.cmd?method=update;userdataref.cmd;user.cmd?method=changeDepartment;user.cmd?method=get;user.cmd?method=forinsert;user.cmd?method=insert;user.cmd?method=get;user.cmd?method=delete;', 0, 'BSP0301', '1', '0', '00', 0);
insert into PUB_RESOURCES values ('BSP030201', '角色信息维护', '角色信息维护', 'role.cmd?method=get;role.cmd?method=detail;roleResource.cmd?method=get;role.cmd?method=get;role.cmd?method=forinsert;role.cmd?method=insert;role.cmd?method=forbatchGrant;role.cmd?method=forImportRole;role.cmd?method=importRole;function.cmd?method=query;role.cmd?method=forExportRole;role.cmd?method=forExportOneRole;roleResource.cmd?method=updateRoleResource;role.cmd?method=get;role.cmd?method=forupdate;role.cmd?method=update;role.cmd?method=grantPermission;role.cmd?method=revokePermission;function.cmd?method=getContextRoot;function.cmd?method=getContextNode;role.cmd?method=get;role.cmd?method=delete;jsp/help.jsp?url=role.cmd&method=getUserListOfRoleRoot;', 0, 'BSP0302', '1', '0', '00', 0);
insert into PUB_RESOURCES values ('BSP030401', '读取', '读取不相容角色集信息', 'conflictRoleSet.cmd?method=get;conflictRoleSet.cmd?method=detail', 0, 'BSP0304', '1', '0', '00', null);
insert into PUB_RESOURCES values ('BSP030402', '增加', '增加不相容角色集', 'conflictRoleSet.cmd?method=get;conflictRoleSet.cmd?method=forinsert;conflictRoleSet.cmd?method=insert;conflictRoleSet.cmd?method=detail', 0, 'BSP0304', '0', '1', '00', null);
insert into PUB_RESOURCES values ('BSP030403', '修改', '修改不相容角色集', 'conflictRoleSet.cmd?method=get;conflictRoleSet.cmd?method=forupdate;conflictRoleSet.cmd?method=update;conflictRoleSet.cmd?method=detail', 0, 'BSP0304', '0', '1', '00', null);
insert into PUB_RESOURCES values ('BSP030404', '删除', '删除不相容角色集', 'conflictRoleSet.cmd?method=get;conflictRoleSet.cmd?method=delete', 0, 'BSP0304', '0', '1', '00', null);
insert into PUB_RESOURCES values ('BSP030501', '读取', '查阅功能资源列表', 'function.cmd?method=get;module.cmd?method=detail;function.cmd?method=detail;resources.cmd?method=detail', 0, 'BSP0305', '1', '0', '00', null);
insert into PUB_RESOURCES values ('BSP0305010', '下移功能', '下移功能', 'function.cmd?method=moveDown', 0, 'BSP0305', '1', '0', '00', 1);
insert into PUB_RESOURCES values ('BSP0305011', '上移资源', '上移资源', 'resources.cmd?method=moveUp', 0, 'BSP0305', '1', '0', '00', 1);
insert into PUB_RESOURCES values ('BSP0305012', '下移资源', '下移资源', 'resources.cmd?method=moveDown', 0, 'BSP0305', '1', '0', '00', 1);
insert into PUB_RESOURCES values ('BSP0305013', '转移资源', '转移资源', 'resources.cmd?method=getTransferRoot;resources.cmd?method=getTransferNode;resources.cmd?method=transfer', 0, 'BSP0305', '1', '0', '00', 1);
insert into PUB_RESOURCES values ('BSP0305014', '选择', '选择模块', 'module.cmd?method=getModuleRoot;module.cmd?method=getModuleNode', 0, 'BSP0305', '1', '0', '00', 1);
insert into PUB_RESOURCES values ('BSP030502', '增加', '增加功能资源', 'module.cmd?method=forinsert;module.cmd?method=insert;function.cmd?method=forinsertFunction;function.cmd?method=insert;resources.cmd?method=forinsert', 0, 'BSP0305', '0', '1', '00', null);
insert into PUB_RESOURCES values ('BSP030503', '修改', '修改功能资源', 'module.cmd?method=forupdate;module.cmd?method=update;function.cmd?method=forupdate;function.cmd?method=update;function.cmd?method=transfer;resources.cmd?method=forinsert;resources.cmd?method=insert;resources.cmd?method=forupdate;resources.cmd?method=update', 0, 'BSP0305', '0', '1', '00', null);
insert into PUB_RESOURCES values ('BSP030504', '删除', '删除功能资源', 'module.cmd?method=delete;function.cmd?method=delete;resources.cmd?method=delete', 0, 'BSP0305', '0', '1', '00', null);
insert into PUB_RESOURCES values ('BSP030505', '数据导出', '功能资源导出', 'resources.cmd?method=forExport', 0, 'BSP0305', '0', '1', '00', 1);
insert into PUB_RESOURCES values ('BSP030506', '上移模块', '上移模块', 'module.cmd?method=moveUp', 0, 'BSP0305', '1', '0', '00', 1);
insert into PUB_RESOURCES values ('BSP030507', '下移模块', '下移模块', 'module.cmd?method=moveDown', 0, 'BSP0305', '1', '0', '00', 1);
insert into PUB_RESOURCES values ('BSP030508', '转移模块', '转移模块', 'module.cmd?method=getTransferRoot;module.cmd?method=getTransferNode;module.cmd?method=transfer', 0, 'BSP0305', '1', '0', '00', 1);
insert into PUB_RESOURCES values ('BSP030509', '上移功能', '上移功能', 'function.cmd?method=moveUp', 0, 'BSP0305', '1', '0', '00', 1);
insert into PUB_RESOURCES values ('BSP030510', '数据导入', '功能资源导入向导', 'expAndImp.cmd?method=forImport', 0, 'BSP0305', '0', '1', '00', 1);
insert into PUB_RESOURCES values ('BSP030511', '数据导入', '功能资源导入', 'expAndImp.cmd?method=imports', 0, 'BSP0305', '0', '1', '00', 1);
insert into PUB_RESOURCES values ('BSP030601', '读取', '查阅数据资源定义情况', 'datarestypequery.cmd;datarestype.cmd?method=detail', 0, 'BSP0306', '1', '0', '00', null);
insert into PUB_RESOURCES values ('BSP030602', '增加', '增加数据资源类型', 'datarestype.cmd?method=forinsert;datarestype.cmd?method=insert;datarestype.cmd?method=insertContinue', 0, 'BSP0306', '0', '1', '00', null);
insert into PUB_RESOURCES values ('BSP030603', '修改', '修改数据资源类型定义', 'datarestype.cmd?method=forupdate;datarestype.cmd?method=update', 0, 'BSP0306', '0', '1', '00', null);
insert into PUB_RESOURCES values ('BSP030604', '删除', '删除数据资源类型', 'datarestype.cmd?method=delete', 0, 'BSP0306', '0', '1', '00', null);
insert into PUB_RESOURCES values ('BSP030701', '执行', '切换机构', 'subcorporationquery.cmd?method=query;changecorporation.cmd', 0, 'BSP0307', '1', '1', '00', null);
insert into PUB_RESOURCES values ('BSP030801', '执行', '重置所有用户密码', 'user.cmd?method=forResetCorpPassword;user.cmd?method=resetCorpPassword', 0, 'BSP0308', '1', '1', '00', null);
insert into PUB_RESOURCES values ('BSP030901', '执行', '设置登录日期', 'setLoginDate.cmd', 0, 'BSP0309', '1', '1', '00', null);
insert into PUB_RESOURCES values ('BSP031001', '查询', '查询在线用户', 'onlinequery.cmd;onlinequerying.cmd;online.cmd?method=detail', 0, 'BSP0310', '1', '1', '00', null);
insert into PUB_RESOURCES values ('BSP031002', '终断会话', '终断会话', 'online.cmd?method=delete', 0, 'BSP0310', '0', '1', '00', null);
insert into PUB_RESOURCES values ('BSP031101', '查询', '查询用户历史登录记录', 'onlinehistquery.cmd;onlinehistquerying.cmd;onlinehist.cmd?method=detail;onlinehist.cmd?method=forSearch', 0, 'BSP0311', '1', '1', '00', null);
insert into PUB_RESOURCES values ('BSP031102', '批量删除', '批量删除用户认证日志', 'onlinehist.cmd?method=fordeletebetween;onlinehist.cmd?method=deleteBetween;onlinehist.cmd?method=fordeleteday;onlinehist.cmd?method=fordeleteweek;onlinehist.cmd?method=fordeletemonth', 0, 'BSP0311', '0', '1', '00', null);
insert into PUB_RESOURCES values ('BSP031201', '查询', '查询审计日志', 'querySecurityLog.cmd;securityLog.cmd?method=querySessionTerminal', 0, 'BSP0312', '1', '1', '00', null);
insert into PUB_RESOURCES values ('BSP031202', '批量删除', '批量删除用户审计日志', 'securityLog.cmd?method=forDelete;securityLog.cmd?method=delete', 0, 'BSP0312', '0', '1', '00', null);
insert into PUB_RESOURCES values ('BSP031203', '查询', '查询安全日志明细', 'securityLog.cmd?method=detail;', 0, 'BSP0312', '0', '1', '00', null);
insert into PUB_RESOURCES values ('BSP031301', '执行同步', '从LDAP同步用户', 'ldapuserquery.cmd;ldapUser.cmd?method=synchronizeLdap', 0, 'BSP0313', '0', '1', '00', null);
insert into PUB_RESOURCES values ('BASE000101', '执行', '检索组织结构', 'stru.cmd?method=get;stru.cmd?method=detail;stru.cmd?method=subDetail;stru.cmd?method=eventDetail;stru.cmd?method=versionDetail;tru.cmd?is;stru.cmd?organ;getSelectRoot;selectUserDataResRef', 0, 'BASE0001', '0', '0', '00', null);
insert into PUB_RESOURCES values ('BASE000201', '执行', '获得角色列表帮助', 'role.cmd?method=selectroot;role.cmd?method=choiceroot;role.cmd?method=selectnode;role.cmd?method=choicenode;role.cmd?method=doHelpTable;userhelp.cmd;help.cmd', 0, 'BASE0002', '0', '0', '00', null);
insert into PUB_RESOURCES values ('BASE000401', '执行', '修改我的个人信息', 'user.cmd?method=userdetail;user.cmd?method=forupdateuser;user.cmd?method=updateuser;userselfdatarefquery.cmd;user.cmd?method=getAvailableAgentUsersCheckRoot;user.cmd?method=getAvailableAgentUsersCheckNode', 0, 'BASE0004', '0', '1', '00', null);
insert into PUB_RESOURCES values ('BASE000501', '执行', '检索行政区域', 'canthelp.cmd', 0, 'BASE0005', '0', '0', '00', null);
insert into PUB_RESOURCES values ('BASE000601', '读取', '读取我的快捷菜单树', 'permenudefine.cmd?method=getMenuStruRoot;permenudefine.cmd?method=getMenuStruNode;permenudefine.cmd?method=detail;function.cmd?method=getFunctionRootHelp', 0, 'BASE0006', '0', '1', '00', null);
insert into PUB_RESOURCES values ('BASE000602', '上移', '上移我的快捷菜单', 'permenudefine.cmd?method=moveUp', 0, 'BASE0006', '0', '1', '00', null);
insert into PUB_RESOURCES values ('WORKFLOW0603', '在办', '在办任务', 'taskinfozaiban.cmd?method=getProcessTypeList;taskinfozaiban.cmd?method=getProcessList;taskinfoquery.cmd;taskinfo.cmd?method=fordeal;taskinfo.cmd?method=mpfordeal', 0, 'WORKFLOW06', '1', '0', '00', null);
insert into PUB_RESOURCES values ('WORKFLOW0604', '已办', '已办任务', 'taskinfoyiban.cmd?method=getProcessTypeList;taskinfoyiban.cmd?method=getProcessList;oldtaskinfoquery.cmd;taskinfo.cmd?method=forold;taskinfo.cmd?method=mpforold;taskinfo.cmd?method=forwfd_selfold;taskInfoFinishAndYibanQuery.cmd', 0, 'WORKFLOW06', '1', '0', '00', 0);
insert into PUB_RESOURCES values ('WORKFLOW0605', '结束', '结束任务', 'taskinfofinish.cmd?method=getProcessTypeList;taskinfofinish.cmd?method=getProcessList;finishtaskinfoquery.cmd;taskinfo.cmd?method=forend;taskinfo.cmd?method=forwfd_selfend', 0, 'WORKFLOW06', '1', '0', '00', null);
insert into PUB_RESOURCES values ('WORKFLOW0606', '角色', '角色任务', 'taskinforole.cmd?method=getProcessTypeList;taskinforole.cmd?method=getProcessList;roletaskinfoquery.cmd;taskinfo.cmd?method=forrole;taskinfo.cmd?method=delegate', 0, 'WORKFLOW06', '1', '0', '00', null);
insert into PUB_RESOURCES values ('WORKFLOW0607', '监控', '监控任务', 'taskinfomonitor.cmd?method=getProcessTypeList;taskinfomonitor.cmd?method=getProcessList;restaskinfoquery.cmd;edocmonitorinfoquery.cmd;taskinfo.cmd?method=forres;edocmonitorinfo.cmd?method=detail', 0, 'WORKFLOW06', '1', '0', '00', null);
insert into PUB_RESOURCES values ('WORKFLOW0608', '所有', '所有任务', 'taskinfoforemp.cmd?method=getTaskInfoForEmp;taskinfoforemp.cmd?method=getProcessList_daiban;taskinfoforemp.cmd?method=getProcessList_zaiban;taskinfoforemp.cmd?method=getProcessList_yiban;taskinfoforemp.cmd?method=getProcessList_finish', 0, 'WORKFLOW06', '1', '0', '00', null);
insert into PUB_RESOURCES values ('WORKFLOW0609', '出差代理', '出差代理', 'wftaskaccreditquery.cmd;wftaskaccredit.cmd', 0, 'WORKFLOW06', '1', '0', '00', 0);
insert into PUB_RESOURCES values ('WORKFLOW0610', '通用流程', '通用流程', 'wfuniprocessquery_page_init.cmd;wfuniprocessquery_page_init.cmd?helpQuery=true;wfuniprocess.cmd?method=forDeal;wfuniprocess.cmd?method=save;wfuniprocess.cmd?method=forward;wfuniprocess.cmd?method=delete', 0, 'WORKFLOW06', '1', '0', '00', null);
insert into PUB_RESOURCES values ('WORKFLOW0611', 'jsp表单操作', 'jsp表单操作', 'jspformtaskdeal.cmd?method=forcreate; jspformtaskdeal.cmd?method= fordeal; jspformtaskdeal.cmd?method= forold ; jspformtaskdeal.cmd?method= forend;jspformtaskdeal.cmd?method=forres;jspformtaskdeal.cmd?method= forrole; jspformtaskdeal.cmd?method= delegate', 0, 'WORKFLOW06', '1', '0', '00', null);
insert into PUB_RESOURCES values ('WORKFLOW0701', '查询', '查询附件', 'adjunctquery.cmd;adjunct.cmd?method=detail;pr/attachment/list4apply.do;pr/attachment/download.do;pr/attachment/form4apply.do;pr/attachment/save4apply.do;', 0, 'WORKFLOW07', '1', '0', '00', 0);
insert into PUB_RESOURCES values ('WORKFLOW0702', '增加', '增加附件', 'adjunct.cmd?method=forinsert;adjunct.cmd?method=insert', 0, 'WORKFLOW07', '1', '0', '00', null);
insert into PUB_RESOURCES values ('WORKFLOW0703', '删除', '删除附件', 'adjunct.cmd?method=delete', 0, 'WORKFLOW07', '1', '0', '00', null);
insert into PUB_RESOURCES values ('WORKFLOW0704', '附件选择', '附件选择', 'adjuncthelpquery.cmd', 0, 'WORKFLOW07', '1', '0', '00', null);
insert into PUB_RESOURCES values ('WORKFLOW0801', '保存数据', '保存数据', 'taskinfo.cmd?method=saveformdata', 0, 'WORKFLOW08', '1', '0', '00', null);
insert into PUB_RESOURCES values ('WORKFLOW0802', '创建发送', '创建发送', 'taskinfo.cmd?method=createAndSend', 0, 'WORKFLOW08', '1', '0', '00', null);
insert into PUB_RESOURCES values ('WORKFLOW0803', '发送', '发送', 'taskinfo.cmd?method=send', 0, 'WORKFLOW08', '1', '0', '00', null);
insert into PUB_RESOURCES values ('WORKFLOW0804', '选择发送', '选择发送', 'taskinfo.cmd?method=getnextactivities;partynextactivityquery.cmd;taskinfo.cmd?method=send', 0, 'WORKFLOW08', '1', '0', '00', null);
insert into PUB_RESOURCES values ('WORKFLOW0805', '退回', '退回', 'taskinfo.cmd?method=gethistoryactivities;taskinfo.cmd?method=jump;taskinfo.cmd?method=retract;edocmonitorinfoquery.cmd=7', 0, 'WORKFLOW08', '1', '0', '00', null);
insert into PUB_RESOURCES values ('WORKFLOW0806', '流程定义', '流程定义单选', 'processhelpurlquery.cmd', 0, 'WORKFLOW08', '1', '0', '00', null);
insert into PUB_RESOURCES values ('WORKFLOW0901', '跳过', '跳过流程', 'taskinfo.cmd?method=jump;taskinfo.cmd?method=getjumpactivities;partynextactivityquery.cmd', 0, 'WORKFLOW09', '1', '0', '00', null);
insert into PUB_RESOURCES values ('WORKFLOW0902', '冻结', '冻结流程', 'taskinfo.cmd?method=forsuspenddialog;taskinfo.cmd?method=suspend;struhelp.cmd?method=getCheckEmpRoot', 0, 'WORKFLOW09', '1', '0', '00', null);
insert into PUB_RESOURCES values ('WORKFLOW0903', '解冻', '解冻流程', 'taskinfo.cmd?method=forresumedialog;taskinfo.cmd?method=resume;struhelp.cmd?method=getCheckEmpRoot', 0, 'WORKFLOW09', '1', '0', '00', null);
insert into PUB_RESOURCES values ('WORKFLOW0904', '回收', '回收流程', 'taskinfo.cmd?method=forterminatedialog;taskinfo.cmd?method=terminate;struhelp.cmd?method=getCheckEmpRoot', 0, 'WORKFLOW09', '1', '0', '00', null);
insert into PUB_RESOURCES values ('WORKFLOW0905', '改发', '改发流程', 'taskinfo.cmd?method=forassigndialog;taskinfo.cmd?method=assign;struhelp.cmd?method=getEmpRoot;struhelp.cmd?method=getCheckEmpRoot;struhelp.cmd?method=getCheckNode;struhelp.cmd?method=getChoiceNode;taskinfo.cmd?method=addAssign', 0, 'WORKFLOW09', '1', '0', '00', null);
insert into PUB_RESOURCES values ('WORKFLOW0906', '删除', '删除流程', 'taskinfo.cmd?method=deleteProcess', 0, 'WORKFLOW09', '1', '0', '00', null);
insert into PUB_RESOURCES values ('WORKFLOW0907', '催办', '催办流程', 'taskinfo.cmd?method=forhastendialog;taskinfo.cmd?method=hasten;struhelp.cmd?method=getCheckEmpRoot;edocmonitortrack.cmd?method=forinsert;edocmonitortrackquery.cmd;edocmonitortrack.cmd?method=insert;edocmonitortrack.cmd?method=delete', 0, 'WORKFLOW09', '1', '0', '00', null);
insert into PUB_RESOURCES values ('WORKFLOW0908', '限时', '限时流程', 'taskinfo.cmd?method=forlimittime', 0, 'WORKFLOW09', '1', '0', '00', null);
insert into PUB_RESOURCES values ('WORKFLOW0909', '回执', '回执流程', 'taskinfo.cmd?method=forhuizhi', 0, 'WORKFLOW09', '1', '0', '00', null);
insert into PUB_RESOURCES values ('WORKFLOW0910', '撤销', '撤销流程', 'taskinfo.cmd?method=undelegate', 0, 'WORKFLOW09', '1', '0', '00', null);
insert into PUB_RESOURCES values ('WORKFLOW0911', '流转历史', '流转历史', 'taskinfo.cmd?method=displaystatus;urlconfig.cmd?method=urlGetVisualFlow;urlconfig.cmd?method=urlGetXPDL', 0, 'WORKFLOW09', '1', '0', '00', null);
insert into PUB_RESOURCES values ('WORKFLOW0912', '删除', '批量删除流程', 'taskinfo.cmd?method=delProcessForMonitedTask', 0, 'WORKFLOW09', '1', '0', '00', null);
insert into PUB_RESOURCES values ('WORKFLOW0913', '改发', '重新委派处理人', 'taskinfo.cmd?method=reAssign', 0, 'WORKFLOW09', '1', '0', '00', null);
insert into PUB_RESOURCES values ('WORKFLOW0914', '跳过', '跳转到指定环节', 'taskinfo.cmd?method=jumpTo', 0, 'WORKFLOW09', '1', '0', '00', null);
insert into PUB_RESOURCES values ('WORKFLOW1003', '添加常用意见', '添加常用意见', 'commonremark.cmd?method=specialeditAdd', 0, 'WORKFLOW10', '1', '0', '00', null);
insert into PUB_RESOURCES values ('WORKFLOW1004', '删除常用意见', '删除常用意见', 'commonremark.cmd?method=specialeditDelete', 0, 'WORKFLOW10', '1', '0', '00', null);
insert into PUB_RESOURCES values ('WORKFLOW1005', '常用审批意见', '常用审批意见', 'commonremark.cmd?method=specialeditremarkdialog', 0, 'WORKFLOW10', '1', '0', '00', null);
insert into PUB_RESOURCES values ('WORKFLOW1006', '签名域', '签名域', 'taskinfo.cmd?method=signdialog', 0, 'WORKFLOW10', '1', '0', '00', null);
insert into PUB_RESOURCES values ('WORKFLOW1007', '选择域', '选择域', 'wf_struhelp.cmd?method=getEmpRoot;wf_struhelp.cmd?method=getCheckEmpRoot;wfdochelpcheckbox.cmd;wfdochelpradio.cmd;wfmeetinghelp.cmd;wf_struhelp.cmd?method=getSelectRoot;wf_struhelp.cmd?method=getHelpTreeNode', 0, 'WORKFLOW10', '1', '0', '00', null);
insert into PUB_RESOURCES values ('WORKFLOW1008', '交流', '交流', 'actionexchangequery.cmd;actionexchange.cmd?method=forinsert;actionexchange.cmd?method=insert;dochelpcheckbox.cmd', 0, 'WORKFLOW10', '1', '0', '00', null);
insert into PUB_RESOURCES values ('WORKFLOW1009', '正文', '正文', 'doccontent.cmd?method=detail', 0, 'WORKFLOW10', '1', '0', '00', null);
insert into PUB_RESOURCES values ('WORKFLOW1101', '流程查询', '流程查询', 'taskquery.cmd;taskinfosearch.cmd?method=search;taskinfosearch.cmd?method=forsearch;hrempforhelpradio.cmd;wf_struhelp.cmd?method=getEmpRoot;wf_struhelp.cmd?method=getChoiceNode;wfdochelpcheckbox.cmd;wfdochelpradio.cmd;wfmeetinghelp.cmd', 0, 'WORKFLOW11', '1', '0', '00', null);
insert into PUB_RESOURCES values ('WORKFLOW1102', '表单查询', '表单查询', 'workformforquery.cmd;formmanager.cmd?method=render;formdataquery.cmd;', 0, 'WORKFLOW11', '1', '0', '00', null);
insert into PUB_RESOURCES values ('WORKFLOW1201', '缓存管理', '缓存管理', 'wfadminoperate.cmd?method=cacheAdmin;wfadminoperate.cmd?method=forSetCacheSize;wfadminoperate.cmd?method=setCacheSize;wfadminoperate.cmd?method=clearCache', 0, 'WORKFLOW12', '1', '0', '00', null);
insert into PUB_RESOURCES values ('BSP010101', '读取', '读取国家（地区）信息', 'countryquery.cmd;country.cmd?method=detail', 0, 'BSP0101', '1', '0', '00', null);
insert into PUB_RESOURCES values ('BSP010102', '增加', '增加国家（地区）', 'country.cmd?method=forinsert;country.cmd?method=insert;country.cmd?method=insertContinue', 0, 'BSP0101', '0', '1', '00', null);
insert into PUB_RESOURCES values ('BASE000603', '下移', '下移我的快捷菜单', 'permenudefine.cmd?method=moveDown', 0, 'BASE0006', '0', '1', '00', null);
insert into PUB_RESOURCES values ('BASE000604', '增加', '增加我的快捷菜单', 'permenudefine.cmd?method=newmenu', 0, 'BASE0006', '0', '1', '00', null);
insert into PUB_RESOURCES values ('WORKFLOW0206', '建表', '新建数据库表', 'formmanager.cmd?method=createTables', 0, 'WORKFLOW02', '1', '0', '00', null);
insert into PUB_RESOURCES values ('WORKFLOW0207', '图片', '图片展现', 'workformgraph.cmd?method=exec; workformgraph.cmd?method= getfiles; workformgraph.cmd?method= updateFile', 0, 'WORKFLOW02', '1', '0', '00', null);
insert into PUB_RESOURCES values ('WORKFLOW0301', '查询', '查询流程', 'processquery.cmd;process.cmd?method=detail;urlconfig.cmd?method=urlGetSystemConfig;urlconfig.cmd?method=urlGetMenuConfig;urlconfig.cmd?method=getActorFields;urlconfig.cmd?method=getWorkform;urlconfig.cmd?method=urlGetProcess;urlconfig.cmd?method=urlGetSystemOrgan;struhelp.cmd?method=getSelectRoot;struhelp.cmd?method=getHelpTreeNode;roleradio.cmd?method=choiceroot;role.cmd?method=choicenode;workformmanagerhelpquery.cmd;processtemplatequery.cmd;role.cmd?method=getSysRoleRoot;role.cmd?method=getSysRoleNode', 0, 'WORKFLOW03', '1', '0', '00', null);
insert into PUB_RESOURCES values ('WORKFLOW0302', '增加', '增加流程', 'jspFormsHelpQuery.cmd;process.cmd?method=forinsertpro;processtypehelpquery.cmd;process.cmd?method=forinsert;process.cmd?method=insert;process.cmd?method=insertLoad;urlconfig.cmd?method=urlGetSystemConfig;urlconfig.cmd?method=urlGetMenuConfig;urlconfig.cmd?method=getActorFields;urlconfig.cmd?method=getWorkform;urlconfig.cmd?method=getDefinedForm;urlconfig.cmd?method=getDcworkform;urlconfig.cmd?method=getJspForm;urlconfig.cmd?method=urlGetProcess;urlconfig.cmd?method=urlGetSystemOrgan;struhelp.cmd?method=getSelectRoot;struhelp.cmd?method=getHelpTreeNode;roleradio.cmd?method=choiceroot;role.cmd?method=choicenode;workformmanagerhelpquery.cmd;processtemplatequery.cmd', 0, 'WORKFLOW03', '1', '0', '00', null);
insert into PUB_RESOURCES values ('WORKFLOW0303', '修改', '修改流程', 'process.cmd?method=forupdatepro;process.cmd?method=forupdate;process.cmd?method=update;process.cmd?method=loadProcess;process.cmd?method=load;process.cmd?method=syndata;process.cmd?method=updateNewVer;urlconfig.cmd?method=urlGetSystemConfig;urlconfig.cmd?method=urlGetMenuConfig;urlconfig.cmd?method=getActorFields;urlconfig.cmd?method=getWorkform;urlconfig.cmd?method=urlGetProcess;urlconfig.cmd?method=urlGetSystemOrgan;struhelp.cmd?method=getSelectRoot;struhelp.cmd?method=getHelpTreeNode;roleradio.cmd?method=choiceroot;role.cmd?method=choicenode;workformmanagerhelpquery.cmd;processtemplatequery.cmd', 0, 'WORKFLOW03', '1', '0', '00', null);
insert into PUB_RESOURCES values ('WORKFLOW0304', '删除', '删除流程', 'process.cmd?method=delete', 0, 'WORKFLOW03', '1', '0', '00', null);
insert into PUB_RESOURCES values ('WORKFLOW0305', '明细', '流程明细', 'process.cmd?method=detail;urlconfig.cmd?method=urlGetSystemConfig;urlconfig.cmd?method=urlGetMenuConfig;urlconfig.cmd?method=getActorFields;urlconfig.cmd?method=getWorkform;urlconfig.cmd?method=urlGetProcess;urlconfig.cmd?method=urlGetSystemOrgan', 0, 'WORKFLOW03', '1', '0', '00', null);
insert into PUB_RESOURCES values ('WORKFLOW0306', '流程导入', '流程导入', 'processExchange.cmd?method=forimport;processExchange.cmd?method=doimport;', 0, 'WORKFLOW03', '1', '0', '00', null);
insert into PUB_RESOURCES values ('WORKFLOW0307', '流程导出', '流程导出', 'processExchange.cmd?method=forexport;processExchange.cmd?method=export;', 0, 'WORKFLOW03', '1', '0', '00', null);
insert into PUB_RESOURCES values ('WORKFLOW0308', '工作流升级', '工作流升级', 'upgrade.cmd?method=upgrade;upgrade.cmd?method=upgradeTable;upgrade.cmd?method=upgradeData;', 0, 'WORKFLOW03', '1', '0', '00', null);
insert into PUB_RESOURCES values ('WORKFLOW0309', '流程定义帮助', '流程定义帮助', 'processhelpquery.cmd', 0, 'WORKFLOW03', '1', '0', '00', null);
insert into PUB_RESOURCES values ('WORKFLOW0400', '签名图片', '签名图片', 'signpic.cmd?method=query;signpic.cmd?method=delete;signpic.cmd?method=detail;signpic.cmd?method=forInsert;signpic.cmd?method=insert', 0, 'WORKFLOW03', '1', '0', '00', null);
insert into PUB_RESOURCES values ('WORKFLOW0406', '增加流程类型', '通用帮助的cmd', 'wfYwHelpInitquery.cmd', 0, 'WORKFLOW03', '1', '0', '00', null);
insert into PUB_RESOURCES values ('WORKFLOW0405', '同步监控人', '同步监控人', 'process.cmd?method=synReposible', 0, 'WORKFLOW03', '1', '0', '00', null);
insert into PUB_RESOURCES values ('WORKFLOW0407', 'jsp表单定义请求url查询', 'jsp表单定义请求url查询cmd', 'jspFormRequestsHelpQuery.cmd', 0, 'WORKFLOW03', '1', '0', '00', null);
insert into PUB_RESOURCES values ('WORKFLOW0401', '查询', '查询任务列表定制', 'tasklistquery.cmd;tasklist.cmd?method=detail;', 0, 'WORKFLOW04', '1', '0', '00', null);
insert into PUB_RESOURCES values ('WORKFLOW0402', '增加', '增加任务列表定制', 'tasklist.cmd?method=getReservekeys;tasklist.cmd?method=insert', 0, 'WORKFLOW04', '1', '0', '00', null);
insert into PUB_RESOURCES values ('WORKFLOW0403', '修改', '修改任务列表定制', 'tasklist.cmd?method=forupdate;tasklist.cmd?method=update', 0, 'WORKFLOW04', '1', '0', '00', null);
insert into PUB_RESOURCES values ('WORKFLOW0404', '删除', '删除任务列表定制', 'tasklist.cmd?method=delete', 0, 'WORKFLOW04', '1', '0', '00', null);
insert into PUB_RESOURCES values ('WORKFLOW0501', '查询', '查询打印模板', 'formprinttempletquery.cmd;formprinttemplet.cmd?method=detail', 0, 'WORKFLOW05', '1', '0', '00', null);
insert into PUB_RESOURCES values ('WORKFLOW0502', '增加', '增加打印模板', 'formprinttemplet.cmd?method=forinsert;formprinttemplet.cmd?method=insert', 0, 'WORKFLOW05', '1', '0', '00', null);
insert into PUB_RESOURCES values ('WORKFLOW0503', '修改', '修改打印模板', 'formprinttemplet.cmd?method=forupdate;formprinttemplet.cmd?method=update', 0, 'WORKFLOW05', '1', '0', '00', null);
insert into PUB_RESOURCES values ('WORKFLOW0504', '删除', '删除打印模板', 'formprinttemplet.cmd?method=delete', 0, 'WORKFLOW05', '1', '0', '00', null);
insert into PUB_RESOURCES values ('WORKFLOW0505', '选择模板', '选择模板', 'formprinttemplethelp.cmd;formprinttemplet.cmd?method=detailHidden', 0, 'WORKFLOW05', '1', '0', '00', null);
insert into PUB_RESOURCES values ('WORKFLOW0601', '新建', '新建任务', 'processlist.cmd?method=processlist;taskinfo.cmd?method=forcreate;taskinfo.cmd?method=createdocument;taskinfo.cmd?method=printForm', 0, 'WORKFLOW06', '1', '0', '00', null);
insert into PUB_RESOURCES values ('WORKFLOW0602', '待办', '待办任务', 'taskinfoquery.cmd;taskinfo.cmd?method=fordeal;taskinfo.cmd?method=mpfordeal;taskinfo.cmd?method=forwfd_selfdeal;', 0, 'WORKFLOW06', '1', '0', '00', 0);
insert into PUB_RESOURCES values ('sysrepfunres01', '采办状态跟踪报表', '采办状态跟踪报表', 'rpt/status_trace_search.do;rpt/status_trace_list.do', 0, 'sysrptfun001', '0', '0', '00', 0);
insert into PUB_RESOURCES values ('BUTRANSFER02', '自动流转设置', '自动流转设置', 'bu/transfer/list.do;bu/transfer/save.do;mh/list.do;currency/history/list.do;', 0, 'prcbr02', '0', '0', '00', 0);
insert into PUB_RESOURCES values ('PRW_APPROVETACTIC_ACT01', '维护', '维护', 'prwapprovetacticact.cmd', 0, 'PRW_APPROVETACTIC_ACT', '0', '0', '00', 0);
insert into PUB_RESOURCES values ('PRW_APPROVETACTIC_ACT02', '查询', '查询', 'prwapprovetacticactquery_page_init.cmd', 0, 'PRW_APPROVETACTIC_ACT', '0', '0', '00', 1);
insert into PUB_RESOURCES values ('BUTRANSFER01', '自动合并功能设置', '自动合并功能设置', 'bu/assign/list.do;bu/assign/save.do;sc/assignmerge/save.do;', 0, 'prcbr03', '0', '0', '00', 0);
insert into PUB_RESOURCES values ('PRW_PRPOSITION_MANAGE01', '维护', '维护', 'prwprpositionmanage.cmd;role.cmd;userext.cmd;', 0, 'PRW_PRPOSITION_MANAGE', '0', '0', '00', 0);
insert into PUB_RESOURCES values ('PRW_PRPOSITION_MANAGE02', '查询', '查询', 'prwprpositionmanagequery_page_init.cmd', 0, 'PRW_PRPOSITION_MANAGE', '0', '0', '00', 1);
insert into PUB_RESOURCES values ('PROCUREMENTWAYS002', '全部', '全部', 'procurementways/list.do;procurementways/save.do;procurementways/input.do;procurementways/ishas.do;procurementways/delete.do;procurementways/inputDetail.do;procurementways/saveDetail.do;procurementways/deleteDetail.do;procurementways/isValidDetail.do;', 0, 'PROCUREMENTWAYS001', '0', '0', '00', 0);
insert into PUB_RESOURCES values ('RFXTEMP002', '维护RFX模板信息', '维护RFX模板信息', 'rfxtemp/list.do;rfxtemp/input.do;rfxtemp/save.do;rfxtemp/delete.do;rfxtemp/checkValidId.do;rfxtemp/checkValidName.do', 0, 'RFXTEMP001', '0', '0', '00', 0);
insert into PUB_RESOURCES values ('PR00030501', '审批采办申请', '审批采办申请', 'prwprapplyappropinion.cmd;prwprapply.cmd;actforprocess.cmd;', 0, 'PR000305', '0', '0', '00', 0);
insert into PUB_RESOURCES values ('PR00030701', '已处理采办申请清单', '我的已处理采办申请清单（本地）', 'localTaskInfo.cmd?method=queryZaiBan;localTaskInfo.cmd?method=queryYiBan;', 0, 'PR000307', '0', '0', '00', 0);
insert into PUB_RESOURCES values ('sysindex013221r1', 'sysindex013221r1', '首页', 'index/unhandled_rfx.do;index/pri_merge.do;index/cp_auditing.do;index/cp_merge.do;index/prapply_submit.do;index/cp1_submit.do;jsp/content.jsp;commonsingleparms.cmd;', 0, 'sysindex013221f1', '0', '0', '00', 0);
insert into PUB_RESOURCES values ('BASE000605', '选择', '选择我的系统菜单帮助', 'menusysitemhelp.cmd;permenudefine.cmd?method=select', 0, 'BASE0006', '0', '1', '00', null);
insert into PUB_RESOURCES values ('BASE000606', '移动', '移动我的快捷菜单', 'permenudefine.cmd=getMenuStruRootHelp;permenudefine.cmd?method=moveTo', 0, 'BASE0006', '0', '1', '00', null);
insert into PUB_RESOURCES values ('BASE000607', '删除', '删除我的快捷菜单', 'permenudefine.cmd?method=delete', 0, 'BASE0006', '0', '1', '00', null);
insert into PUB_RESOURCES values ('BASE000608', '保存', '保存我的快捷菜单', 'newmenusave.cmd', 0, 'BASE0006', '0', '1', '00', null);
insert into PUB_RESOURCES values ('BASE000609', '克隆', '克隆我的快捷菜单', 'newMenu.cmd=forCloneMenu;newMenu.cmd?method=cloneMenu', 0, 'BASE0006', '0', '1', '00', null);
insert into PUB_RESOURCES values ('BASE000610', '生效菜单', '生效我的快捷菜单', 'refresh.cmd', 0, 'BASE0006', '0', '1', '00', null);
insert into PUB_RESOURCES values ('BASE000611', '删除个性化菜单', '删除个性化菜单', 'permenudefine.cmd?method=delMenuStru', 0, 'BASE0006', '0', '1', '00', null);
insert into PUB_RESOURCES values ('BASE000612', '定义我的快捷菜单', '定义我的快捷菜单', 'permenudefine.cmd?method=getMenuStruRootPerFirst;permenudefine.cmd?method=getMenuStruRootPer', 0, 'BASE0006', '0', '1', '00', null);
insert into PUB_RESOURCES values ('BASE000613', '导出我的快捷菜单', '导出我的快捷菜单', 'permenudefine.cmd?method=forExportMenuPer', 0, 'BASE0006', '0', '1', '00', 1);
insert into PUB_RESOURCES values ('BASE000614', '导入我的快捷菜单', '导入我的快捷菜单', 'permenudefine.cmd?method=forImportMenuPer', 0, 'BASE0006', '0', '1', '00', 1);
insert into PUB_RESOURCES values ('BASE000701', '切换菜单', '切换菜单', 'newMenu.cmd?method=forChangeMenu;newMenu.cmd?method=changMenu;refresh.cmd', 0, 'BASE0007', '0', '1', '00', null);
insert into PUB_RESOURCES values ('BASE000801', '首页定制', '首页定制', 'commonsingleparms.cmd', 0, 'BASE0008', '1', '0', '00', null);
insert into PUB_RESOURCES values ('BSP000101', '读取', '读取业务流水信息', 'pubidtablequery.cmd;pubidtable.cmd?method=detail', 0, 'BSP0001', '1', '0', '00', null);
insert into PUB_RESOURCES values ('BSP000102', '增加', '增加业务流水', 'pubidtable.cmd?method=forinsert;pubidtable.cmd?method=insert;pubidtable.cmd?method=insertContinue', 0, 'BSP0001', '0', '1', '00', null);
insert into PUB_RESOURCES values ('BSP000103', '修改', '修改业务流水', 'pubidtable.cmd?method=forupdate;pubidtable.cmd?method=update', 0, 'BSP0001', '0', '1', '00', null);
insert into PUB_RESOURCES values ('BSP000104', '删除', '删除业务流水', 'pubidtable.cmd?method=delete', 0, 'BSP0001', '0', '1', '00', null);
insert into PUB_RESOURCES values ('BSP040101', '读取', '读取系统菜单', 'menusysitemquery_page_init.cmd;menusysitem.cmd?method=detail', 0, 'BSP0401', '1', '0', '00', null);
insert into PUB_RESOURCES values ('BSP040102', '增加', '增加系统菜单', 'menusysitem.cmd?method=forinsert;menusysitem.cmd?method=insert;menusysitem.cmd?method=insertContinue;function.cmd?method=getFunctionRootHelp', 0, 'BSP0401', '0', '1', '00', null);
insert into PUB_RESOURCES values ('BSP040103', '修改', '修改系统菜单', 'menusysitem.cmd?method=forupdate;menusysitem.cmd?method=update;function.cmd?method=getFunctionRootHelp', 0, 'BSP0401', '0', '1', '00', null);
insert into PUB_RESOURCES values ('BSP040104', '删除', '删除系统菜单', 'menusysitem.cmd?method=delete', 0, 'BSP0401', '0', '1', '00', null);
insert into PUB_RESOURCES values ('BSP040201', '系统菜单维护', '系统菜单维护', 'menusys.cmd;menusyssave.cmd;refresh.cmd;menusysitemhelp.cmd', 0, 'BSP0402', '1', '0', '00', null);
insert into PUB_RESOURCES values ('BSP040202', '导入系统菜单', '导入系统菜单', 'menusys.cmd?method=forImportMenu;menusys.cmd?method=importMenu', 0, 'BSP0402', '1', '0', '00', 1);
insert into PUB_RESOURCES values ('BSP040203', '导出系统菜单', '导出系统菜单', 'menusys.cmd?method=forExportMenu', 0, 'BSP0402', '1', '0', '00', 1);
insert into PUB_RESOURCES values ('BSP040301', '读取', '定义组织个性化菜单', 'strumenudefine.cmd?method=getroot;strumenudefine.cmd?method=getnode;strumenudefine.cmd?method=getMenuStruRoot;strumenudefine.cmd?method=getMenuStruNode;strumenudefine.cmd?method=detail;function.cmd?method=getFunctionRootHelp', 0, 'BSP0403', '0', '1', '00', null);
insert into PUB_RESOURCES values ('BSP040302', '上移', '上移组织个性化菜单', 'strumenudefine.cmd?method=moveUp', 0, 'BSP0403', '0', '1', '00', null);
insert into PUB_RESOURCES values ('BSP040303', '下移', '下移组织个性化菜单', 'strumenudefine.cmd?method=moveDown', 0, 'BSP0403', '0', '1', '00', null);
insert into PUB_RESOURCES values ('BSP040304', '增加', '增加组织个性化菜单', 'strumenudefine.cmd?method=newmenu', 0, 'BSP0403', '0', '1', '00', null);
insert into PUB_RESOURCES values ('BSP040305', '选择', '选择组织系统菜单帮助', 'menusysitemhelp.cmd;strumenudefine.cmd?method=select;pubapp.cmd?method=query', 0, 'BSP0403', '0', '1', '00', null);
insert into PUB_RESOURCES values ('BSP040306', '移动', '移动组织个性化菜单', 'strumenudefine.cmd=getMenuStruRootHelp;strumenudefine.cmd?method=moveTo', 0, 'BSP0403', '0', '1', '00', null);
insert into PUB_RESOURCES values ('BSP040307', '删除', '删除组织个性化菜单', 'strumenudefine.cmd?method=delete', 0, 'BSP0403', '0', '1', '00', null);
insert into PUB_RESOURCES values ('BSP040308', '保存', '保存组织个性化菜单', 'newmenusave.cmd', 0, 'BSP0403', '0', '1', '00', null);
insert into PUB_RESOURCES values ('BSP040309', '克隆', '克隆组织个性化菜单', 'newMenu.cmd=forCloneMenu;newMenu.cmd?method=cloneMenu', 0, 'BSP0403', '0', '1', '00', null);
insert into PUB_RESOURCES values ('BSP040310', '生效菜单', '生效组织个性化菜单', 'refresh.cmd', 0, 'BSP0403', '0', '1', '00', null);
insert into PUB_RESOURCES values ('BSP040311', '删除个性化菜单', '删除个性化菜单', 'strumenudefine.cmd?method=delMenuStru', 0, 'BSP0403', '0', '1', '00', null);
insert into PUB_RESOURCES values ('BSP040312', '导入组织个性化菜单', '导入组织个性化菜单', 'strumenudefine.cmd?method=forImportMenu;strumenudefine.cmd?method=importMenu', 0, 'BSP0403', '0', '1', '00', 1);
insert into PUB_RESOURCES values ('BSP040313', '导出组织个性化菜单', '导出组织个性化菜单', 'strumenudefine.cmd?method=forExportMenu', 0, 'BSP0403', '0', '1', '00', 1);
insert into PUB_RESOURCES values ('BSP040401', '修改用户当前菜单', '修改用户当前菜单', 'strumenudefine.cmd?method=getStruUserRoot;strumenudefine.cmd?method=getStruUserNode;newMenu.cmd?method=forChangeStruMenu;newMenu.cmd?method=changStruMenu', 0, 'BSP0404', '1', '0', '00', null);
insert into PUB_RESOURCES values ('PUBTOOL010101', '通用选择组件查询', '通用选择组件查询', 'pubcomhelpquery_page_init.cmd', 0, 'PUBTOOL0101', '0', '0', '00', 0);
insert into PUB_RESOURCES values ('PUBTOOL010102', '通用选择组件维护', '通用选择组件维护', 'pubcomhelp.cmd', 0, 'PUBTOOL0101', '0', '1', '00', 0);
insert into PUB_RESOURCES values ('PUBTOOL010103', '通用选择组件调用', '通用选择组件调用', 'helpgridquery.cmd', 0, 'PUBTOOL0101', '1', '0', '00', 0);
insert into PUB_RESOURCES values ('BSPDEST0101', '首页复制', '首页复制', 'commondesktopcopy.cmd', 0, 'BSPDEST01', '0', '0', '00', 0);
insert into PUB_RESOURCES values ('WORKFLOW0101', '查询', '查询工作流类型', 'processtypequery.cmd;processtype.cmd?method=detail;processtype.cmd?method=isExist', 0, 'WORKFLOW01', '1', '0', '00', null);
insert into PUB_RESOURCES values ('WORKFLOW0102', '增加', '增加工作流类型', 'processtype.cmd?method=forinsert;processtype.cmd?method=insert', 0, 'WORKFLOW01', '1', '0', '00', null);
insert into PUB_RESOURCES values ('WORKFLOW0103', '修改', '修改工作流类型', 'processtype.cmd?method=forupdate;processtype.cmd?method=update', 0, 'WORKFLOW01', '1', '0', '00', null);
insert into PUB_RESOURCES values ('WORKFLOW0104', '删除', '删除工作流类型', 'processtype.cmd?method=delete', 0, 'WORKFLOW01', '1', '0', '00', null);
insert into PUB_RESOURCES values ('WORKFLOW0105', '流程类型帮助', '流程类型帮助', 'processtypehelpquery.cmd', 0, 'WORKFLOW01', '1', '0', '00', null);
insert into PUB_RESOURCES values ('WORKFLOW0106', '历史环节类型帮助', '历史环节类型帮助', 'historyhelpurlquery.cmd', 0, 'WORKFLOW01', '1', '0', '00', null);
insert into PUB_RESOURCES values ('BSP030301', '读取', '读取角色模板信息', 'templates.cmd?method=get;trolesquery.cmd;trolesquerypage.cmd', 0, 'BSP0303', '1', '0', '00', null);
insert into PUB_RESOURCES values ('BSP030302', '增加', '增加角色模板', 'templates.cmd?method=get;templates.cmd?method=treeinsert;templates.cmd?method=insert;templates.cmd?method=forinsert_info', 0, 'BSP0303', '0', '1', '00', null);
insert into PUB_RESOURCES values ('BSP030303', '修改', '修改角色模板', 'templates.cmd?method=get;templates.cmd?method=treeupdate;templates.cmd?method=update;templates.cmd?method=forupdate_info', 0, 'BSP0303', '0', '1', '00', null);
insert into PUB_RESOURCES values ('BSP030304', '定义角色', '定义角色', 'templates.cmd?method=get;trolesquery.cmd;troles.cmd;troleoptsquery.cmd;tRoleopts.cmd;roleResource.cmd', 0, 'BSP0303', '0', '1', '00', null);
insert into PUB_RESOURCES values ('BSP030305', '应用', '应用角色模板', 'templates.cmd', 0, 'BSP0303', '0', '1', '00', null);
insert into PUB_RESOURCES values ('BSP030306', '删除', '删除角色模板', 'templates.cmd?method=get;templates.cmd?method=delete', 0, 'BSP0303', '0', '1', '00', null);
insert into PUB_RESOURCES values ('BSP030307', '修改', '修改角色模板功能资源类型', 'tRoleopts.cmd?method=updateTRoleResource', 0, 'BSP0303', '1', '0', '00', 1);
insert into PUB_RESOURCES values ('BSP030308', '查询', '查询角色模板功能资源类型', 'function.cmd?method=queryTRoles', 0, 'BSP0303', '1', '0', '00', 1);
insert into PUB_RESOURCES values ('BSP030309', '导入角色模板', '导入角色模板', 'templates.cmd?method=forImportTemplate;templates.cmd?method=importTemplate', 0, 'BSP0303', '0', '1', '00', 1);
insert into PUB_RESOURCES values ('BSP030310', '导出角色模板', '导出角色模板', 'templates.cmd?method=forExportTemplate', 0, 'BSP0303', '0', '1', '00', 1);
insert into PUB_RESOURCES values ('WORKFLOW0202', '增加', '增加表单', 'formmanager.cmd?method=forinsert;processtypehelpquery.cmd;formmanager.cmd?method=insert;struhelp.cmd?method=getSelectRoot;struhelp.cmd?method=getHelpTreeNode;formmanager.cmd?method=getReserveKeysXml;formmanager.cmd?method=getEditFieldsXml;formmanager.cmd?method=getSelectFieldsXml;formmanager.cmd?method=getSpecialEditsXml;formmanager.cmd?method=getVerifysXml;formmanager.cmd?method=getDynamicDefaultsXml;formmanager.cmd?method=getFixedFieldsXml', 0, 'WORKFLOW02', '1', '0', '00', null);
insert into PUB_RESOURCES values ('WORKFLOW0203', '修改', '修改表单', 'formmanager.cmd?method=forupdate;formmanager.cmd?method=update;struhelp.cmd?method=getSelectRoot;struhelp.cmd?method=getHelpTreeNode', 0, 'WORKFLOW02', '1', '0', '00', null);
insert into PUB_RESOURCES values ('WORKFLOW0204', '删除', '删除表单', 'formmanager.cmd?method=delete', 0, 'WORKFLOW02', '1', '0', '00', null);
insert into PUB_RESOURCES values ('WORKFLOW0205', '明细', '表单明细', 'formmanager.cmd?method=detail;formmanager.cmd?method=render;formdataquery.cmd?method=query;formdataquery.cmd;formmanager.cmd?method=getReserveKeysXml;formmanager.cmd?method=getEditFieldsXml;formmanager.cmd?method=getSelectFieldsXml;formmanager.cmd?method=getSpecialEditsXml;formmanager.cmd?method=getVerifysXml;formmanager.cmd?method=getDynamicDefaultsXml;formmanager.cmd?method=getFixedFieldsXml', 0, 'WORKFLOW02', '1', '0', '00', null);
insert into PUB_RESOURCES values ('PR00030602', '已退回查看', '已退回的采办申请 - 查看', 'prwprapplyquery_page_init.cmd?applystate=3;prwprapply.cmd;taskinfo.cmd', 0, 'PR000306', '0', '0', '00', 0);
insert into PUB_RESOURCES values ('PR00030801', '授权采办申请审批', '授权采办申请审批', 'wftaskaccreditquery.cmd;wftaskaccredit.cmd;struhelp.cmd;helpgridquery.cmd;stru.cmd;user.cmd?method=getchoiceroot;user.cmd?method=getchoicenode;', 0, 'PR000308', '0', '0', '00', 0);
insert into PUB_RESOURCES values ('batchapply002', '批量审批', '批量审批', 'batchapplyaction.cmd?method=batchapp', 0, 'PR000305', '0', '0', '00', 0);
insert into PUB_RESOURCES values ('BSP031302', '将用户加入系统', '将用户加入系统', 'ldapuserquery.cmd;ldapUser.cmd?method=synchronizeUser', 0, 'BSP0313', '0', '1', '00', null);
insert into PUB_RESOURCES values ('BSP031401', '读取', '读取数字证书与用户映射表信息', 'certuserquery_page_init.cmd;certuser.cmd?method=detail', 0, 'BSP0314', '0', '1', '00', null);
insert into PUB_RESOURCES values ('BSP031402', '增加', '增加数字证书与用户映射表信息', 'certuserquery_page_init.cmd;certuser.cmd?method=forinsert;certuser.cmd?method=insert;certuser.cmd?method=insertContinue;role.cmd?method=doHelpTable', 0, 'BSP0314', '0', '1', '00', null);
insert into PUB_RESOURCES values ('BSP031403', '修改', '修改数字证书与用户映射表信息', 'certuserquery_page_init.cmd;certuser.cmd?method=forupdate;certuser.cmd?method=update;role.cmd?method=doHelpTable', 0, 'BSP0314', '0', '1', '00', null);
insert into PUB_RESOURCES values ('BSP031404', '删除', '删除数字证书与用户映射表信息', 'certuserquery_page_init.cmd;certuser.cmd?method=delete', 0, 'BSP0314', '0', '1', '00', null);
insert into PUB_RESOURCES values ('PRW_HEADPRAPPLY01', '维护', '维护', 'prwheadprapply.cmd;prwapprovetactic.cmd;actlisthelp.cmd;stru.cmd;', 0, 'PRW_HEADPRAPPLY', '0', '0', '00', 0);
insert into PUB_RESOURCES values ('prcbr010001', '分派规则列表', '分派规则列表', 'br/divisionrule/list.do', 0, 'prcbr01', '0', '0', '00', 0);
insert into PUB_RESOURCES values ('PRW_HEADPRAPPLY02', '查询', '查询', 'prwapprovetacticquery_page_init.cmd?processtype=1;', 0, 'PRW_HEADPRAPPLY', '0', '0', '00', 0);
insert into PUB_RESOURCES values ('PRW_SCREENFIELD01', '维护', '维护', 'prwscreenfield.cmd', 0, 'PRW_SCREENFIELD', '0', '0', '00', 0);
insert into PUB_RESOURCES values ('PRW_SCREENFIELD02', '查询', '查询', 'prwscreenfieldquery_page_init.cmd', 0, 'PRW_SCREENFIELD', '0', '0', '00', 1);
insert into PUB_RESOURCES values ('catalog001', '一级集中采购目录维护', '一级集中采购目录维护', 'br/catalog-list.do;', 0, 'prcCatalog', '0', '0', '00', 0);
insert into PUB_RESOURCES values ('WF_PROCESS_TYPE02', '查询', '查询', 'wfprocesstypequery_page_init.cmd', 0, 'WF_PROCESS_TYPE', '0', '0', '00', 1);
insert into PUB_RESOURCES values ('MP_CMP_MESSAG01', '维护', '维护', 'mpcmpmessag.cmd', 0, 'MP_CMP_MESSAG', '0', '0', '00', 0);
insert into PUB_RESOURCES values ('MP_CMP_MESSAG02', '查询', '查询', 'mpcmpmessagquery_page_init.cmd', 0, 'MP_CMP_MESSAG', '0', '0', '00', 1);
insert into PUB_RESOURCES values ('MP_MESSAG_LOG01', '维护', '维护', 'mpmessaglog.cmd', 0, 'MP_MESSAG_LOG', '0', '0', '00', 0);
insert into PUB_RESOURCES values ('MP_MESSAG_LOG02', '查询', '查询', 'mpmessaglogquery_page_init.cmd', 0, 'MP_MESSAG_LOG', '0', '0', '00', 1);
insert into PUB_RESOURCES values ('MP_MESSAG01', '维护', '维护', 'mpmessag.cmd', 0, 'MP_MESSAG', '0', '0', '00', 0);
insert into PUB_RESOURCES values ('MP_MESSAG02', '查询', '查询', 'mpmessagquery_page_init.cmd', 0, 'MP_MESSAG', '0', '0', '00', 1);
insert into PUB_RESOURCES values ('SYS_MESSAG01', '维护', '维护', 'sysmessag.cmd', 0, 'SYS_MESSAG', '1', '0', '00', 0);
insert into PUB_RESOURCES values ('SYS_MESSAG02', '查询', '我的短消息', 'mysysmessagquery.cmd', 0, 'SYS_MESSAG', '0', '0', '00', 0);
insert into PUB_RESOURCES values ('WF_PROCESS_TYPE01', '维护', '维护', 'wfprocesstype.cmd', 0, 'WF_PROCESS_TYPE', '0', '0', '00', 0);
insert into PUB_RESOURCES values ('WF_PROCESS_FILES01', '维护', '维护', 'wfprocessfiles.cmd', 0, 'WF_PROCESS_FILES', '0', '0', '00', 0);
insert into PUB_RESOURCES values ('WF_PROCESS_FILES02', '查询', '查询', 'wfprocessfilesquery_page_init.cmd', 0, 'WF_PROCESS_FILES', '0', '0', '00', 1);
insert into PUB_RESOURCES values ('WF_MANAGE_FILES01', '维护', '维护', 'wfmanagefiles.cmd', 0, 'WF_MANAGE_FILES', '0', '0', '00', 0);
insert into PUB_RESOURCES values ('WF_MANAGE_FILES02', '查询', '查询', 'wfmanagefilesquery_page_init.cmd', 0, 'WF_MANAGE_FILES', '0', '0', '00', 1);
insert into PUB_RESOURCES values ('PUB_COMHELP01', '维护', '维护', 'pubcomhelp.cmd', 0, 'PUB_COMHELP', '0', '0', '00', 0);
insert into PUB_RESOURCES values ('PUB_COMHELP02', '查询', '查询', 'pubcomhelpquery_page_init.cmd', 0, 'PUB_COMHELP', '0', '0', '00', 0);
insert into PUB_RESOURCES values ('sccheckroleparams00101', 'sccheckroleparams00101', '关键指标设置', 'sc/checkrule/show.do;sc/checkrule/save.do', 0, 'sccheckroleparams001', '0', '0', '00', 0);
insert into PUB_RESOURCES values ('PurchaseRequisitionSaveAction1', '创建采办需求', '创建采办需求', 'pr/form.do;pr/update.do;pr/save.do;pr/item/list.do;pr/manage/toPage.do;pr/item/form.do;pr/item/save.do;pr/summary/show.do;pr/submit.do;pr/history/list.do;history/list.do;pr/summary/preview.do;pr/copy.do;pr/item/delete.do;pr/attachment/list.do;pr/attachment/form.do;pr/attachment/save.do;pr/attachment/delete.do;pr/attachment/download.do;', 0, 'PurchaseRequisition002', '0', '0', '00', 0);
insert into PUB_RESOURCES values ('PurchaseRequisition004', '管理采办需求', '管理采办需求', 'pr/manage/export.do;pr/manage/toDetail.do;pr/manage/list4Details.do;pr/manage/delete.do;pr/manage/list.do;pr/form.do;pr/item/list.do;pr/attachment/list.do;pr/summary/show.do;pr/history/list.do;history/list.do;pr/summary/preview.do;pr/manage/toPage.do;', 0, 'PurchaseRequisition003', '0', '0', '00', 0);
insert into PUB_RESOURCES values ('prccp020001', '审核集中采购公共', '审核集中采购公共', 'pr/central/check/toreject.do;pr/central/check/reject.do;pr/central/check/toapprove.do;pr/central/check/approve.do;', 0, 'prccp02', '0', '0', '00', 0);
insert into PUB_RESOURCES values ('CentralPurchaseDetails01', 'CentralPurchaseDetails01', '集中采购明细项', 'pr/central/itemlist.do;pr/attachment/list4central.do;pr/central/show.do;pr/central/listhistory.do;pr/central/itemupdate.do;pr/attachment/form4central.do;pr/attachment/delete4central.do;pr/attachment/save4central.do;pr/central/toitemupdate.do', 0, 'prccp03', '0', '0', '00', 0);
insert into PUB_RESOURCES values ('measure001', '计量单位维护', '计量单位维护', 'sc/measure/list.do;sc/measure/create.do;sc/measure/ishas.do;sc/measure/save.do;sc/measure/saveselected.do;sc/measure/listuse.do;sc/measure/listdeleted.do;sc/measure/historylist.do;sc/measure/history/export.do;sc/measure/topage.do;', 0, 'prcmeasure', '0', '0', '00', 0);
insert into PUB_RESOURCES values ('prccp030001', '集中采购列表公共', '集中采购列表公共', 'pr/central/manage/toPage.do;pr/central/manage/export.do;pr/central/manage/delete.do;pr/central/manage/todetail.do;pr/central/manage/list4detail.do;', 0, 'prccp03', '0', '0', '00', 0);
insert into PUB_RESOURCES values ('taskinfoquerynew0001', '新工作任务查询', '新工作任务查询', 'taskinfoquerynew.cmd', 0, 'workflowext01', '0', '0', '00', 0);
insert into PUB_RESOURCES values ('attachment001', '附件分类维护', '附件分类维护', 'sc/attachment/list.do;sc/attachment/create.do;sc/attachment/add.do;sc/attachment/save.do;sc/attachment/history/list.do;', 0, 'attachment', '0', '0', '00', 0);
insert into PUB_RESOURCES values ('prccp010002', '提交集中采购申请公共', '提交集中采购申请公共', 'pr/central/alter_cp_flag.do;pr/central/changeCentral.do;pr/central/toapply.do;pr/central/update.do;pr/central/showuser.do;pr/central/submit.do;pr/central/save.do;pr/central/reject.do;pr/central/toreject.do;pr/central/list.do;', 0, 'prccp01', '0', '0', '00', 0);
insert into PUB_RESOURCES values ('prcbr030001', '合并分派列表', '合并分派列表', 'sc/assignmerge/list.do', 0, 'prcbr03', '0', '0', '00', 0);
insert into PUB_RESOURCES values ('seluserhelp0001', '审批路径选择人', '审批路径选择人', 'selUserHelp.cmd?method=selUserHelp', 0, 'PUB_COMHELP', '0', '0', '00', 0);
insert into PUB_RESOURCES values ('WORKFLOW1602', '业务流量', '流程或流程类型的业务量', 'wfportfolio.cmd?method=processPortfolioByQuarter;wfportfolio.cmd?method=processPortfolioByMonth;wfportfolio.cmd?method=processPortfolioByYear;processhelpquery.cmd', 0, 'WORKFLOW16', '0', '0', '00', null);
insert into PUB_RESOURCES values ('PR00030711', '已处理采办申请清单', '我的已处理采办申请清单（总部)', 'headTaskInfo.cmd?method=queryZaiBan;headTaskInfo.cmd?method=queryYiBan;', 0, 'PR000311', '0', '0', '00', 0);
insert into PUB_RESOURCES values ('WORKFLOW1603', '持续时间', '流程或环节的持续时间', 'wflasttime.cmd?method=activityLastTime;wflasttime.cmd?method=processLastTimeByQuarter;wflasttime.cmd?method=processLastTimeByMonth;wflasttime.cmd?method=processLastTimeByYear;', 0, 'WORKFLOW16', '0', '0', '00', null);
insert into PUB_RESOURCES values ('WFREPORT1501', '明细', '表单树', 'wfreport.cmd?method=gettreeeditroot', 0, 'WFREPORT15', '1', '0', '00', null);
insert into PUB_RESOURCES values ('WFREPORT1502', '明细', '表单树叶子', 'wfreport.cmd?method=gettreeeditbranch', 0, 'WFREPORT15', '1', '0', '00', null);
insert into PUB_RESOURCES values ('WFREPORT1503', '表单明细', '表单明细', 'wfreport.cmd?method=queryForm', 0, 'WFREPORT15', '1', '0', '00', null);
insert into PUB_RESOURCES values ('WFREPORT1504', '增加报表', '增加报表', 'wfreport.cmd?method=forinsert', 0, 'WFREPORT15', '1', '0', '00', null);
insert into PUB_RESOURCES values ('WFREPORT1505', '修改报表', '修改报表', 'wfreport.cmd?method=forupdate', 0, 'WFREPORT15', '1', '0', '00', null);
insert into PUB_RESOURCES values ('WFREPORT1506', '保存报表', '保存报表', 'wfreport.cmd?method=insert', 0, 'WFREPORT15', '1', '0', '00', null);
insert into PUB_RESOURCES values ('WFREPORT1507', '报表明细', '报表明细', 'wfreport.cmd?method=query', 0, 'WFREPORT15', '1', '0', '00', null);
insert into PUB_RESOURCES values ('WFREPORT1508', '报表明细', '报表明细修改', 'wfreport.cmd?method=update', 0, 'WFREPORT15', '1', '0', '00', null);
insert into PUB_RESOURCES values ('WFREPORT1509', '报表明细', '保存并继续', 'wfreport.cmd?method=insertContinue', 0, 'WFREPORT15', '1', '0', '00', null);
insert into PUB_RESOURCES values ('WFREPORT1510', '报表定义', '报表定义查询', 'wfreportdefine.cmd?method=detail', 0, 'WFREPORT15', '1', '0', '00', null);
insert into PUB_RESOURCES values ('WFREPORT1511', '删除报表', '删除报表', 'wfreport.cmd?method=delete', 0, 'WFREPORT15', '1', '0', '00', null);
insert into PUB_RESOURCES values ('PRC0003', '货币单位维护', '货币单位维护', 'sc/currency/list.do;sc/currency/input.do;sc/currency/save.do;sc/currency/delete.do;sc/currency/history/list.do;sc/currency/ishas.do;sc/currency/history/topage.do;sc/currency/history/export.do;', 0, 'PRC0002', '0', '0', '00', 0);
insert into PUB_RESOURCES values ('PurchaseRequisition013', '需求合并/分派', '需求合并/分派', 'pr/merge/merge.do;pr/merge/sort.do;pr/merge/list.do;pr/merge/split.do;pr/merge/topage.do;pr/merge/tosearch.do;pr/form.do;pr/item/list.do;pr/item/form.do;pr/history/list.do;history/list.do;pr/attachment/list.do;pr/attachment/form.do;pr/summary/show.do;pr/summary/preview.do;pr/merge/showuser.do;pr/merge/todivide.do;pr/division/confirm.do;pr/division/redivide.do;pr/division/submit.do;pr/merge/showitems.do;', 0, 'PurchaseRequisition010', '0', '0', '00', 0);
insert into PUB_RESOURCES values ('PRW_TACTIC_INSTANCE01', '维护', '维护', 'prwtacticinstance.cmd', 0, 'PRW_TACTIC_INSTANCE', '0', '0', '00', 0);
insert into PUB_RESOURCES values ('PRW_TACTIC_INSTANCE02', '查询', '查询', 'prwtacticinstancequery_page_init.cmd', 0, 'PRW_TACTIC_INSTANCE', '0', '0', '00', 1);
insert into PUB_RESOURCES values ('PRW_APPROVETACTIC01', '维护', '维护', 'prwapprovetactic.cmd;actforprocess.cmd?method=getActListForStactic;prwapprovetacticactquery_page_init.cmd;actlisthelp.cmd;stru.cmd;', 0, 'PRW_APPROVETACTIC', '0', '0', '00', 0);
insert into PUB_RESOURCES values ('PRW_APPROVETACTIC02', '查询', '查询', 'prwapprovetacticquery_page_init.cmd?processtype=2;', 0, 'PRW_APPROVETACTIC', '0', '0', '00', 0);
insert into PUB_RESOURCES values ('scmUserSelector01', 'scmUserSelector01', '用户选择器', 'user/search/toSearchUser.do;user/search/searchCheckboxInit.do;user/search/searchCheckboxList.do;user/search/searchRadioInit.do;user/search/searchRadioList.do', 0, 'scmUserSelector', '0', '0', '00', 0);
insert into PUB_RESOURCES values ('scmProductSelector01', 'scmProductSelector01', '物料选择器', 'pr/product/init.do;pr/product/search.do;', 0, 'scmProductSelector', '0', '0', '00', 0);
insert into PUB_RESOURCES values ('scmCategorySelector01', 'scmCategorySelector01', '类别选择器', 'pr/group/init.do;pr/group/search.do', 0, 'scmCategorySelector', '0', '0', '00', 0);
insert into PUB_RESOURCES values ('prcbr010004', '增删改分派规则', '增删改分派规则', 'br/divisionrule/toadd.do;br/divisionrule/save.do;br/divisionrule/delete.do', 0, 'prcbr01', '0', '0', '00', 0);
insert into PUB_RESOURCES values ('CentralCatalog0010', '主要技术指标维护', '主要技术指标维护', 'br/indicatorList.do;br/indicatorUpdate.do;br/indicatorAdd.do;br/updateKeyMeasure.do;br/export.do;br/indicatorDelete.do;', 0, 'prcCatalog', '0', '0', '00', 0);
insert into PUB_RESOURCES values ('PR00030201', '提报采办申请新增修改', '根据采办需求创建采办申请- 新增、修改', 'prwprapply.cmd;prwprapplyappropinion.cmd;prwtacticinstance.cmd;taskinfoquery.cmd;prwmaintainprojnamequery_page_init.cmd;selUserHelp.cmd;taskinfo.cmd;prwapplypathutil.cmd;actforprocess.cmd;prwapprovetacticquery_page_init.cmd?ishelp=ok;prcreqitemlist.cmd;prcreqitemlist.cmd?method=forupdate;sc/projname/search.do;pr/attachment/list4apply.do;pr/attachment/list4apply.do;pr/attachment/form4apply.do;pr/attachment/save4apply.do;pr/attachment/delete4apply.do;feetype/getFeeTypeByUser.do;prwpurchasesubmit.cmd;prwpurchasesubmitquery_page_init.cmd;prorderreq.cmd;prorderreqquery_page_init.cmd;prwprapply.cmd?method=todetail;prcreqitemlistquery_page_init.cmd;prwapplyattachments.cmd;prwapplyattachmentsquery_page_init.cmd;prwprapplyappropinion.cmd?method=PrwApplyOpinion;prwprapply.cmd?method=goBack;', 0, 'PR000302', '0', '0', '00', 0);
insert into PUB_RESOURCES values ('PR00030101', '已导入采办申请', '已导入采办申请', 'prwprapplyquery_page_init.cmd?applystate=7;', 0, 'PR000301', '0', '0', '00', 0);
insert into PUB_RESOURCES values ('PR00030202', '提报采办申请查看', '根据采办需求创建采办申请- 查看', 'pr/central/requisition/list.do;pr/central/requisition/showitems.do', 0, 'PR000302', '0', '0', '00', 0);
insert into PUB_RESOURCES values ('PR00030301', '批量导入', '批量导入采办申请', 'excel/initApply.do;excel/importExcel.do', 0, 'PR000303', '0', '0', '00', 0);
insert into PUB_RESOURCES values ('PR00030401', '管理采办申请-查看', '管理采办申请 - 查看', 'prwpurchaseapplicationquery_page_init.cmd;prwprapplyquery_page_init.cmd?applystate=2;applystate=2;prwprapply.cmd;taskinfo.cmd;', 0, 'PR000304', '0', '0', '00', 0);
insert into PUB_RESOURCES values ('PR00030402', '变更采办申请', '变更采办申请', 'prwpurchaseapplication.cmd;prwapplypathutil.cmd;prwprapply.cmd;', 0, 'changeapplypr', '0', '0', '00', 0);
insert into PUB_RESOURCES values ('PR00030601', '已退回-修改', '已退回的采办申请 - 修改', 'prwprapply.cmd', 0, 'PR000306', '0', '0', '00', 0);
insert into PUB_RESOURCES values ('PR098977', '授权采办申请（总部）', '授权采办申请（总部）', 'headTaskInfo.cmd?method=queryProxy;', 0, 'PR000390', '0', '0', '00', 0);
insert into PUB_RESOURCES values ('WORKFLOW1301', '流程监控', '流程监控', 'processmgradminquery.cmd?clear=true;processendadminquery.cmd;wfadminquery.cmd?method=getProcessList;wfadminquery.cmd?method=getAssignmentEndList;wfadminquery.cmd?method=getActivityEndList;wfadminquery.cmd?method=getAssignmentList;wfadminquery.cmd?method=getActivityList;processmgr.cmd?method=forupload;processmgr.cmd?method=uploadProcess;processmgr.cmd?method=startProcessMgr;processmgr.cmd?method=stopProcessMgr;processmgr.cmd?method=deleteProcessMgr;activityadmin.cmd?method=suspendActivity;activityadmin.cmd?method=resumeActivity;activityadmin.cmd?method=abortActivity;activityadmin.cmd?method=terminateActivity;activityadmin.cmd?method=showhistoryActivity;assignmentadmin.cmd?method=cancelAssignment;assignmentadmin.cmd?method=reAssignment;assignmentadmin.cmd?method=closeAssignment;processadmin.cmd?method=suspendProcess;processadmin.cmd?method=resumeProcess;processadmin.cmd?method=abortProcess;processadmin.cmd?method=terminateProcess;processadmin.cmd?method=terminateProcessAndDeleteProcessEnd;processadmin.cmd?method=showhistoryProcess;processadmin.cmd?method=checklimitProcess;processadmin.cmd?method=historyCompare;processalladmin.cmd?method=startActivity;processalladmin.cmd?method=suspendProcess;processalladmin.cmd?method=resumeProcess;processalladmin.cmd?method=abortProcess;processalladmin.cmd?method=terminateProcess;processalladmin.cmd?method=terminateProcessAndDeleteProcessEnd;processalladmin.cmd?method=showhistoryProcess;processalladmin.cmd?method=checklimitProcess;processalladmin.cmd?method=historyCompare;processalladminquery.cmd;taskinfo.cmd?method=displaystatus;processendadmin.cmd?method=deleteProcessEnd', 0, 'WORKFLOW13', '1', '0', '00', null);
insert into PUB_RESOURCES values ('WORKFLOW1302', '启动环节', '流程监控', 'activityadmin.cmd?method=startActivity', 0, 'WORKFLOW13', '1', '0', '00', null);
insert into PUB_RESOURCES values ('WORKFLOW1501', '工作流组织树选择', '工作流组织树选择', 'wf_struhelp.cmd;struhelp.cmd;wforgantypequery.cmd', 0, 'WORKFLOW15', '1', '0', '00', null);
insert into PUB_RESOURCES values ('WORKFLOW1601', '人员业务量分析', '人员或组织的业务量分析', 'wfpersonanlyze.cmd?method=PersonAnalyzeByDay;wfpersonanlyze.cmd?method=PersonSelectPro;wfpersonanlyze.cmd?method=PersonAnalyze;wfpersonanlyze.cmd?method=PersonAnalyzeByQuarter;wfpersonanlyze.cmd?method=PersonAnalyzeByMonth;', 0, 'WORKFLOW16', '0', '0', '00', null);
insert into PUB_RESOURCES values ('WFREPORT1512', '报表定义', '报表定义保存', 'wfreportdefine.cmd?method=insert', 0, 'WFREPORT15', '1', '0', '00', null);
insert into PUB_RESOURCES values ('WFREPORT1601', '明细', '查询表单树', 'wfrptquery.cmd?method=querygettreeeditroot', 0, 'WFREPORT16', '1', '0', '00', null);
insert into PUB_RESOURCES values ('WFREPORT1602', '明细', '查询表单树叶子', 'wfrptquery.cmd?method=querygettreeeditbranch', 0, 'WFREPORT16', '1', '0', '00', null);
insert into PUB_RESOURCES values ('WFREPORT1603', '报表查询', '报表查询', 'wfreportdefine.cmd?method=forquery', 0, 'WFREPORT16', '1', '0', '00', null);
insert into PUB_RESOURCES values ('WFREPORT1604', '报表查询', '报表查询', 'wfreportdefine.cmd?method=query', 0, 'WFREPORT16', '1', '0', '00', null);
insert into PUB_RESOURCES values ('PRW_MAINTAINPROJNAME01', '维护', '维护', 'sc/projname/list.do;sc/projname/input.do;sc/projname/save.do;sc/projname/delete.do;sc/projname/checkValidName.do;sc/projname/search.do', 0, 'PRW_MAINTAINPROJNAME', '0', '0', '00', 0);
insert into PUB_RESOURCES values ('catalogNo02', '二级集中采购目录维护', '二级集中采购目录维护', 'br/listleveltwo.do', 0, 'prcCatalog', '0', '0', '00', 0);
insert into PUB_RESOURCES values ('BUOBJECT02', '组织架构设置', '组织架构设置', 'jsp/businessunit/bu-list.jsp;jsp/businessunit/inner-bu-list.jsp;jsp/businessunit/bu-tree.jsp;jsp/businessunit/welcome-bui-list.jsp;bu/treeviewmaker.do;bu/list.do;bu/input.do;bu/save.do;bu/delete.do;bu/ishas.do;bu/sync.do;bu/syncBU.do', 0, 'BUOJBECT01', '0', '0', '00', 0);
insert into PUB_RESOURCES values ('EXCEL03', '批量导入采办需求', '批量导入采办需求', 'excel/initPr.do;excel/importExcel.do', 0, 'EXCEL02', '0', '0', '00', 0);
insert into PUB_RESOURCES values ('rfxform03', '未处理寻源单据', '未处理寻源单据', 'rfx/unhandled_list.do;rfx/check_catalog.do;rfx/rfx_basic_create.do;rfx/rfx_basic_save.do;rfx/unhandled_delete.do;wslog/list.do;wslog/todetail.do;rfx/unhandled_search.do;user/search/toSearchUser.do;rfxtemp/search.do;user/search/searchRadioInit.do;user/search/searchRadioList.do;rfx/pickup_org.do', 0, 'rfxform02', '0', '0', '00', 0);
insert into PUB_RESOURCES values ('MH002', '修改历史列表', '修改历史列表', 'mh/list.do;mh/export.do;history/common/list.do;history/common/export.do;history/bu/list.do;history/bu/export.do', 0, 'MH001', '0', '0', '00', 0);
insert into PUB_RESOURCES values ('centrialPurchaseDivision', '集中采购合并分派公共', '集中采购合并分派公共', 'pr/central/merge/merge.do;pr/central/merge/split.do;pr/central/divide/todivide.do;pr/central/manage/list.do;pr/central/toapply.do;pr/central/divide/confirm.do;user/search/toSearchUser.do;pr/central/divide/redivide.do;pr/central/divide/submit.do;pr/central/merge/reject.do', 0, 'prccp04', '0', '0', '00', 0);
insert into PUB_RESOURCES values ('FEETYPE002', '费用类型设置', '费用类型设置', 'jsp/feetype/bu-list.jsp;jsp/feetype/bu-tree.jsp;jsp/feetype/inner-bu-list.jsp;jsp/feetype/welcome-bui-list.jsp;feetype/butreeview.do;feetype/list.do;feetype/input.do;feetype/save.do;feetype/checkValidName.do;feetype/delete.do;feetype/findByOrganId.do;feetype/saveFeeTypeOrgan.do;feetype/copyToSub.do;feetype/getFeeTypeByUser.do', 0, 'FEETYPE001', '0', '0', '00', 0);
insert into PUB_RESOURCES values ('rfxform02url', '已处理寻源单据', '已处理寻源单据', 'rfx/cancelRFx.do;rfx/handled_list.do;rfx/prstatus.do;rfx/handled_restore.do;rfx/uid_confirm.do;rfx/handled_search.do;', 0, 'rfxform03', '0', '0', '00', 0);
insert into PUB_RESOURCES values ('RFXTEMP003', '查询Rfx模板', '查询Rfx模板', 'rfxtemp/search.do', 0, 'RFXTEMP001', '0', '0', '00', 0);
insert into PUB_RESOURCES values ('FEETYPE003', '查询费用类型', '查询费用类型', 'feetype/getFeeTypeByUser.do', 0, 'FEETYPE001', '0', '0', '00', 0);
insert into PUB_RESOURCES values ('PlanManage0101', '管理采办计划', '管理采办计划', 'plan/manage/list.do;plan/manage/search.do;plan/manage/searchList.do;plan/manage/toDetail.do;plan/manage/tacticDetail.do;plan/tactic/findTactic.do;plan/tactic/findActionUser.do;plan/manage/searchPlan.do;plan/tactic/findPlanTactic.do;plan/list1.do;plan/manage/delete.do;plan/tactic/findTacticDetail.do;plan/manage/exportExcel.do;plan/tactic/findTacticGroup.do;', 0, 'PlanManage01', '0', '0', '00', 0);
insert into PUB_RESOURCES values ('PurchasePlanSubmitAction', '提报采办计划', '提报采办计划', 'plan/update.do;plan/form.do;plan/strategy.do;plan/saveorupdate.do;plan/tactic/findTacticDetail.do;plan/delete.do;plan/saveStrategy.do;plan/export.do;plan/seachSuppliers.do;pr/attachment/attachlist.do;pr/attachment/planform.do;pr/attachment/saveforPlan.do;pr/attachment/deletePlan.do;supplier/search.do;/history/common/list.do;plan/getPurplanCycle.do;', 0, 'updateplan02', '0', '0', '00', 0);
insert into PUB_RESOURCES values ('CentralCatalog0008', '查询SAP物料和物料组编码', '查询SAP物料和物料组编码', 'pr/group/init.do;pr/product/init.do', 0, 'prcCatalog', '0', '0', '00', 0);
insert into PUB_RESOURCES values ('changeRfx01', '变更寻源单据', '变更寻源单据', 'rfx/changed_list.do', 0, 'changeRfx', '0', '0', '00', 0);
insert into PUB_RESOURCES values ('catalogCommon', '集采目录公共操作', '集采目录公共操作', 'br/catalog-add.do;br/Index.do;br/history/list.do;br/muLu.do;br/catalog-delete.do;br/info.do;br/toadd.do;', 0, 'prcCatalog', '0', '0', '00', 0);
insert into PUB_RESOURCES values ('centralNo1', '提报一级集中采购', '提报一级集中采购', 'pr/central/list.do', 0, 'prccp01', '0', '0', '00', 0);
insert into PUB_RESOURCES values ('centralNo2', '提报二级集中采购', '提报二级集中采购', 'pr/central/listleveltwo.do', 0, 'prccp07', '0', '0', '00', 0);
insert into PUB_RESOURCES values ('centralMange1', '管理一级集中采购', '管理一级集中采购', 'pr/central/manage/list.do', 0, 'prccp03', '0', '0', '00', 0);
insert into PUB_RESOURCES values ('centralManage2', '管理二级集中采购', '管理二级集中采购', 'pr/central/manage/listleveltwo.do', 0, 'prc2545662', '0', '0', '00', 0);
insert into PUB_RESOURCES values ('centralMerge1', '一级集中采购分派', '一级集中采购分派', 'pr/central/merge/list.do', 0, 'prccp04', '0', '0', '00', 0);
insert into PUB_RESOURCES values ('centralMerge2', '二级集中采购分派', '二级集中采购分派', 'pr/central/merge/listleveltwo.do', 0, 'prc02510', '0', '0', '00', 0);
insert into PUB_RESOURCES values ('centralCheck1', '审核一级集中采购', '审核一级集中采购', 'pr/central/check/list.do', 0, 'prccp02', '0', '0', '00', 0);
insert into PUB_RESOURCES values ('centralCheck2', '审核二级集中采购', '审核二级集中采购', 'pr/central/check/listleveltwo.do', 0, 'prc256889', '0', '0', '00', 0);
insert into PUB_RESOURCES values ('buyPeriodSetting', '物料类别采购周期配置', '物料类别采购周期配置', 'plan/materiel/addMateriel.do;plan/materiel/delete.do;history/common/list.do?targetClazz=PurchaseMaterielCode;plan/materiel/findMateriels.do;plan/materiel/save.do;plan/materiel/delete.do;plan/materiel/update.do;', 0, 'planMaintainFunction', '0', '0', '00', 0);
insert into PUB_RESOURCES values ('chooseHeadStatic01', '选择总部策略', '选择总部策略', 'chooseHeadStatic.cmd', 0, 'PR000305', '0', '0', '00', 0);
insert into PUB_RESOURCES values ('PRLOC0101', '审批、查看本地申请', '审批、查看本地申请（代办，在办，已办）', 'localTaskInfo.cmd', 0, 'PRLOC01', '0', '0', '00', 0);
insert into PUB_RESOURCES values ('IMPORTPLAN03', '批量导入采办计划', '批量导入采办计划', 'excel/initPlan.do;excel/importExcel.do', 0, 'IMPORTPLAN02', '0', '0', '00', 0);
insert into PUB_RESOURCES values ('PlanManage0102', '管理采办计划详细', '管理采办计划详细', 'plan/manage/toPlanDetail.do;plan/manage/toProjectDetail.do;plan/manage/toTacticDetail.do;plan/manage/toAttachDetail.do;plan/process/batchSubmitApply.do;plan/manage/saveStrategy.do;plan/manage/update.do;plan/manage/saveorupdate.do;plan/manage/form.do;plan/manage/deleteProject.do;plan/manage/submitApply.do;plan/manage/toHistory.do;plan/materiel/addMateriel.do;plan/materiel/save.do;plan/manage/displayBatchTactic.do;plan/manage/batchSubmitApply.do;plan/manage/batchSetTactic.do;plan/manage/addPlanProject.do;', 0, 'PlanManage01', '0', '0', '00', 0);
insert into PUB_RESOURCES values ('createApplyButton', '根据计划创建采办申请', '根据计划创建采办申请', 'prwprapply.cmd;prwprapplyappropinion.cmd;prwtacticinstance.cmd;taskinfoquery.cmd;prwmaintainprojnamequery_page_init.cmd;selUserHelp.cmd;taskinfo.cmd;prwapplypathutil.cmd;actforprocess.cmd;prwapprovetacticquery_page_init.cmd?ishelp=ok;prcreqitemlist.cmd;prcreqitemlist.cmd?method=forupdate;sc/projname/search.do;pr/attachment/list4apply.do;pr/attachment/list4apply.do;pr/attachment/form4apply.do;pr/attachment/save4apply.do;pr/attachment/delete4apply.do;', 0, 'createApply', '0', '0', '00', 0);
insert into PUB_RESOURCES values ('applyDraft', '采办申请草稿箱', '采办申请草稿箱', 'prwprapplyquery_page_init.cmd?applystate=5;', 0, 'PR000302', '0', '0', '00', 0);
insert into PUB_RESOURCES values ('prc256879', '集中采购明细项', '集中采购明细项', 'pr/central/itemlist.do;pr/attachment/list4central.do;pr/central/show.do;pr/central/listhistory.do;pr/central/itemupdate.do;pr/attachment/form4central.do;pr/attachment/delete4central.do;pr/attachment/save4central.do;pr/central/toitemupdate.do', 0, 'prc2545662', '0', '0', '00', 0);
insert into PUB_RESOURCES values ('RevokeApply01', '撤销审批', '撤销审批', 'prwprapplyappropinion.cmd?method=PrwApplyOpinion;prwprapply.cmd?method=Revoke;pr/attachment/list4apply.do;', 0, 'RevokeApply', '0', '0', '00', 0);
insert into PUB_RESOURCES values ('EXCELIMPORT003', '批量导入审批路径', '批量导入审批路径', 'excel/initPath.do;excel/importExcel.do', 0, 'EXCELIMPORT002', '0', '0', '00', 0);
insert into PUB_RESOURCES values ('MyPlan0101', '我的采办计划', '我的采办计划', 'plan/self/list.do;plan/self/toPlanDetail.do;plan/self/toPlanDetail.do;plan/self/toProjectDetail.do;plan/self/toTacticDetail.do;plan/self/toAttachDetail.do;plan/process/batchSubmitApply.do;plan/self/saveStrategy.do;plan/self/update.do;plan/self/saveorupdate.do;plan/self/form.do;plan/self/deleteProject.do;plan/self/submitApply.do;plan/self/toHistory.do;plan/materiel/addMateriel.do;plan/materiel/save.do;plan/self/displayBatchTactic.do;plan/self/batchSubmitApply.do;plan/self/batchSetTactic.do;plan/self/addPlanProject.do;plan/manage/toSelfHistory.do;plan/self/newSubmitApply.do;plan/self/isPositionTransition.do;plan/tactic/findPlanTactic.do;plan/tactic/findTactic.do;plan/self/delete.do;', 0, 'MyPlan01', '0', '0', '00', 0);
insert into PUB_RESOURCES values ('HandledPlan0101', '已处理的采办计划', '已处理的采办计划', 'plan/process/findHandledList.do;plan/process/handledProcessList.do;plan/process/handledProcessDetail.do;plan/process/handledPlanDetail.do;', 0, 'HandledPlan01', '0', '0', '00', 0);
insert into PUB_RESOURCES values ('PlanProcess0101', '审批采办计划', '审批采办计划', 'plan/process/handleList.do;plan/process/start.do;plan/process/approve.do;plan/process/reject.do;plan/process/submitApply.do;plan/process/findProcessTactic.do;plan/process/handleProcesses.do;plan/process/approvePlanApply.do;plan/process/processDetail.do;plan/process/submitCenterApply.do;plan/process/approveBatchApply.do;plan/process/batchHandle.do;plan/process/findHandlingList.do;plan/process/displayOpinion.do;plan/attachment/batchAttachSave.do;plan/attachment/batchAttachAdd.do;plan/attachment/batchAttachList.do;plan/attachment/delete.do;plan/attachment/processAttachList.do;', 0, 'PlanProcess01', '0', '0', '00', 0);
insert into PUB_RESOURCES values ('PRHEAD0101', '审批、查看总部申请', '审批、查看总部申请（代办，在办，已办）', 'headTaskInfo.cmd', 0, 'PRHEAD01', '0', '0', '00', 0);
insert into PUB_RESOURCES values ('applyDaiban', '审批采办申请', '审批采办申请（待办任务）', 'taskinfodaiban.cmd?method=getProcessTypeList;taskinfodaiban.cmd?method=getProcessList;', 0, 'PR000305', '0', '0', '00', 0);
insert into PUB_RESOURCES values ('prccp01000205', '提交集中采购公共', '提交集中采购公共', 'pr/central/alter_cp_flag.do;pr/central/changeCentral.do;pr/central/toapply.do;pr/central/update.do;pr/central/showuser.do;pr/central/submit.do;pr/central/save.do;pr/central/reject.do;pr/central/toreject.do;', 0, 'prccp07', '0', '0', '00', 0);
insert into PUB_RESOURCES values ('prc3258646', '集中采购分派合并公共', '集中采购分派合并公共', 'pr/central/alter_cp_flag.do;pr/central/changeCentral.do;pr/central/toapply.do;pr/central/update.do;pr/central/showuser.do;pr/central/submit.do;pr/central/save.do;pr/central/reject.do;pr/central/toreject.do;pr/central/list.do;', 0, 'prc02510', '0', '0', '00', 0);
insert into PUB_RESOURCES values ('prc2884569', '集中采购列表公共', '集中采购列表公共', 'pr/central/manage/toPage.do;pr/central/manage/export.do;pr/central/manage/delete.do;pr/central/manage/todetail.do;pr/central/manage/list4detail.do;', 0, 'prc2545662', '0', '0', '00', 0);
insert into PUB_RESOURCES values ('prc022165486', '审核集中采购公共', '审核集中采购公共', 'pr/central/check/toreject.do;pr/central/check/reject.do;pr/central/check/toapprove.do;pr/central/check/approve.do;', 0, 'prc256889', '0', '0', '00', 0);
insert into PUB_RESOURCES values ('PR00030802', '代理授权', '代理授权', 'wftaskaccreditqueryProxy.cmd;wftaskaccreditProxy.cmd;', 0, 'PR00089', '0', '0', '00', 0);
insert into PUB_RESOURCES values ('WORKFLOW0201', '查询', '查询表单', 'workformmanagerquery.cmd?clear=true;formmanager.cmd?method=detail;formmanager.cmd?method=render;formdataquery.cmd?method=query;formdataquery.cmd;formmanager.cmd?method=getReserveKeysXml;formmanager.cmd?method=getEditFieldsXml;formmanager.cmd?method=getSelectFieldsXml;formmanager.cmd?method=getSpecialEditsXml;formmanager.cmd?method=getVerifysXml;formmanager.cmd?method=getDynamicDefaultsXml;formmanager.cmd?method=getFixedFieldsXml', 0, 'WORKFLOW02', '1', '0', '00', null);
insert into PUB_RESOURCES values ('BASE000301', '执行', '修改我的用户密码', 'user.cmd?method=forResetUserPassword;user.cmd?method=resetUserPassword;user.cmd?method=loginResetUserPassword', 0, 'BASE0003', '0', '1', '00', null);
commit;
