INSERT INTO pub_menu_sysitem(MENU_ID, TEXT, TITLE, TYPE, VALUE, TARGET, OPTIONS, FUNCTION_ID, APP_ID ) VALUES ( 'DEMO', '案例', null, '0', null, null, null, null, '' );  
INSERT INTO pub_menu_sysitem(MENU_ID, TEXT, TITLE, TYPE, VALUE, TARGET, OPTIONS, FUNCTION_ID, APP_ID ) VALUES ( 'DEMO01', '框架组件示例', null, '0', null, null, null, null, '' );  
INSERT INTO pub_menu_sysitem(MENU_ID, TEXT, TITLE, TYPE, VALUE, TARGET, OPTIONS, FUNCTION_ID, APP_ID ) VALUES ( 'DEMO0101', '文件上传下载', null, '0', 'mainblobquery_page_init.cmd', null, null, null, '' );  
INSERT INTO pub_menu_sysitem(MENU_ID, TEXT, TITLE, TYPE, VALUE, TARGET, OPTIONS, FUNCTION_ID, APP_ID ) VALUES ( 'DEMO0102', '员工信息维护', null, '0', 'lsemployeequery_page_init.cmd', null, null, null, '' );  
INSERT INTO pub_menu_sysitem(MENU_ID, TEXT, TITLE, TYPE, VALUE, TARGET, OPTIONS, FUNCTION_ID, APP_ID ) VALUES ( 'DEMO0103', '树形结构示例', null, '0', 'organstru.cmd?method=getRoot', '_tree', null, null, '' );  
INSERT INTO pub_menu_sysitem(MENU_ID, TEXT, TITLE, TYPE, VALUE, TARGET, OPTIONS, FUNCTION_ID, APP_ID ) VALUES ( 'DEMO0104', '查询网格示例', null, '0', 'flexgridquery_page_init.cmd?clear=true&clearsearch=true', null, null, null, '' );  
INSERT INTO pub_menu_sysitem(MENU_ID, TEXT, TITLE, TYPE, VALUE, TARGET, OPTIONS, FUNCTION_ID, APP_ID ) VALUES ( 'DEMO0105', '编辑网格示例', null, '0', null, null, null, null, '' );  
INSERT INTO pub_menu_sysitem(MENU_ID, TEXT, TITLE, TYPE, VALUE, TARGET, OPTIONS, FUNCTION_ID, APP_ID ) VALUES ( 'DEMO010501', '编辑网格示例', null, '0', 'maingridquery_page_init.cmd', null, null, null, '' );  
INSERT INTO pub_menu_sysitem(MENU_ID, TEXT, TITLE, TYPE, VALUE, TARGET, OPTIONS, FUNCTION_ID, APP_ID ) VALUES ( 'DEMO010502', '商品信息', null, '0', 'product.cmd?method=forinsert', null, null, null, '' );  
--INSERT INTO pub_menu_sysitem(MENU_ID, TEXT, TITLE, TYPE, VALUE, TARGET, OPTIONS, FUNCTION_ID, APP_ID ) VALUES ( 'DEMO0106', 'Tab组件示例', null, '0', 'lsplanquery_page_init.cmd', null, null, null, '' );  
INSERT INTO pub_menu_sysitem(MENU_ID, TEXT, TITLE, TYPE, VALUE, TARGET, OPTIONS, FUNCTION_ID, APP_ID ) VALUES ( 'DEMO0107', '组合框示例', null, '0', null, null, null, null, '' );  
INSERT INTO pub_menu_sysitem(MENU_ID, TEXT, TITLE, TYPE, VALUE, TARGET, OPTIONS, FUNCTION_ID, APP_ID ) VALUES ( 'DEMO010701', '组合框示例', null, '0', 'comboboxtestquery_page_init.cmd', null, null, null, '' );  
INSERT INTO pub_menu_sysitem(MENU_ID, TEXT, TITLE, TYPE, VALUE, TARGET, OPTIONS, FUNCTION_ID, APP_ID ) VALUES ( 'DEMO010702', '地址信息', null, '0', 'combocollectionquery_page_init.cmd', null, null, null, '' );  

INSERT INTO pub_menu_sys(MENU_SYS_ID, MENU_ID, TYPE_ID, MENU_ALIAS, PARENT_ID, SEQ, IS_LEAF ) VALUES ( 'DEMO', 'DEMO', '01', '案例', 'BSP000000000000000000000000001', 90, '' );  
INSERT INTO pub_menu_sys(MENU_SYS_ID, MENU_ID, TYPE_ID, MENU_ALIAS, PARENT_ID, SEQ, IS_LEAF ) VALUES ( 'DEMO01', 'DEMO01', '01', '框架组件示例', 'DEMO', 0, '' );  
INSERT INTO pub_menu_sys(MENU_SYS_ID, MENU_ID, TYPE_ID, MENU_ALIAS, PARENT_ID, SEQ, IS_LEAF ) VALUES ( 'DEMO0101', 'DEMO0101', '01', '文件上传下载', 'DEMO01', 0, '' );  
INSERT INTO pub_menu_sys(MENU_SYS_ID, MENU_ID, TYPE_ID, MENU_ALIAS, PARENT_ID, SEQ, IS_LEAF ) VALUES ( 'DEMO0102', 'DEMO0102', '01', '员工信息维护', 'DEMO01', 1, '' );  
INSERT INTO pub_menu_sys(MENU_SYS_ID, MENU_ID, TYPE_ID, MENU_ALIAS, PARENT_ID, SEQ, IS_LEAF ) VALUES ( 'DEMO0103', 'DEMO0103', '01', '树形结构示例', 'DEMO01', 2, '' );  
INSERT INTO pub_menu_sys(MENU_SYS_ID, MENU_ID, TYPE_ID, MENU_ALIAS, PARENT_ID, SEQ, IS_LEAF ) VALUES ( 'DEMO0104', 'DEMO0104', '01', '查询网格示例', 'DEMO01', 3, '' );  
INSERT INTO pub_menu_sys(MENU_SYS_ID, MENU_ID, TYPE_ID, MENU_ALIAS, PARENT_ID, SEQ, IS_LEAF ) VALUES ( 'DEMO0105', 'DEMO0105', '01', '编辑网格示例', 'DEMO01', 4, '' );  
INSERT INTO pub_menu_sys(MENU_SYS_ID, MENU_ID, TYPE_ID, MENU_ALIAS, PARENT_ID, SEQ, IS_LEAF ) VALUES ( 'DEMO010501', 'DEMO010501', '01', '编辑网格示例', 'DEMO0105', 0, '' );  
INSERT INTO pub_menu_sys(MENU_SYS_ID, MENU_ID, TYPE_ID, MENU_ALIAS, PARENT_ID, SEQ, IS_LEAF ) VALUES ( 'DEMO010502', 'DEMO010502', '01', '商品信息', 'DEMO0105', 1, '' );  
--INSERT INTO pub_menu_sys(MENU_SYS_ID, MENU_ID, TYPE_ID, MENU_ALIAS, PARENT_ID, SEQ, IS_LEAF ) VALUES ( 'DEMO0106', 'DEMO0106', '01', 'Tab组件示例', 'DEMO01', 5, '' );  
INSERT INTO pub_menu_sys(MENU_SYS_ID, MENU_ID, TYPE_ID, MENU_ALIAS, PARENT_ID, SEQ, IS_LEAF ) VALUES ( 'DEMO0107', 'DEMO0107', '01', '组合框示例', 'DEMO01', 6, '' );  
INSERT INTO pub_menu_sys(MENU_SYS_ID, MENU_ID, TYPE_ID, MENU_ALIAS, PARENT_ID, SEQ, IS_LEAF ) VALUES ( 'DEMO010701', 'DEMO010701', '01', '组合框示例', 'DEMO0107', 0, '' );  
INSERT INTO pub_menu_sys(MENU_SYS_ID, MENU_ID, TYPE_ID, MENU_ALIAS, PARENT_ID, SEQ, IS_LEAF ) VALUES ( 'DEMO010702', 'DEMO010702', '01', '地址信息', 'DEMO0107', 1, '' );  

--模块
INSERT INTO pub_modules(MODULE_ID, MODULE_NAME, PARENT_MODULE_ID, IS_LEAF, SEQ ) VALUES ( 'DEMO', '案例', 'DEMO', '0', 90);  
INSERT INTO pub_modules(MODULE_ID, MODULE_NAME, PARENT_MODULE_ID, IS_LEAF, SEQ ) VALUES ( 'DEMO01', '框架组件示例', 'DEMO', '1', 0);  
--功能
INSERT INTO pub_functions(FUNCTION_ID, FUNCTION_CODE, FUNCTION_NAME, MODULE_ID, IS_SYS, DATA_RES_TYPE, SEQ ) VALUES ( 'webhtml', 'webhtml', '员工信息维护', 'DEMO01', '0', null, 0 );  
INSERT INTO pub_functions(FUNCTION_ID, FUNCTION_CODE, FUNCTION_NAME, MODULE_ID, IS_SYS, DATA_RES_TYPE, SEQ ) VALUES ( 'webtree', 'webtree', '树形结构', 'DEMO01', '0', null, 0 );  
INSERT INTO pub_functions(FUNCTION_ID, FUNCTION_CODE, FUNCTION_NAME, MODULE_ID, IS_SYS, DATA_RES_TYPE, SEQ ) VALUES ( 'webflexgrid', 'webflexgrid', '查询网格示例', 'DEMO01', '0', null, 0 );  
INSERT INTO pub_functions(FUNCTION_ID, FUNCTION_CODE, FUNCTION_NAME, MODULE_ID, IS_SYS, DATA_RES_TYPE, SEQ ) VALUES ( 'webgrid', 'webgrid', '编辑网格示例', 'DEMO01', '0', null, 0 );  
INSERT INTO pub_functions(FUNCTION_ID, FUNCTION_CODE, FUNCTION_NAME, MODULE_ID, IS_SYS, DATA_RES_TYPE, SEQ ) VALUES ( 'webtab', 'webtab', '一表多从', 'DEMO01', '0', null, 0 );  
INSERT INTO pub_functions(FUNCTION_ID, FUNCTION_CODE, FUNCTION_NAME, MODULE_ID, IS_SYS, DATA_RES_TYPE, SEQ ) VALUES ( 'webzuhe', 'webzuhe', '组合框示例', 'DEMO01', '0', null, 0 );  
INSERT INTO pub_functions(FUNCTION_ID, FUNCTION_CODE, FUNCTION_NAME, MODULE_ID, IS_SYS, DATA_RES_TYPE, SEQ ) VALUES ( 'webupload', 'webupload', '文件上传下载', 'DEMO01', '0', null, 0 );  

---资源
INSERT INTO pub_resources(RESOURCE_ID, RESOURCE_NAME, RESOURCE_ALIAS, URL_NAMES, SECURITY_LEVEL, FUNCTION_ID, IS_DEFAULT, IS_AUDIT, RES_TYPE_ID, SEQ ) VALUES ( 'webflexgrid01', '查询', '查询', 'flexgridquery_page_init.cmd', 0, 'webflexgrid', '0', '0', '00', 0 );  
INSERT INTO pub_resources(RESOURCE_ID, RESOURCE_NAME, RESOURCE_ALIAS, URL_NAMES, SECURITY_LEVEL, FUNCTION_ID, IS_DEFAULT, IS_AUDIT, RES_TYPE_ID, SEQ ) VALUES ( 'webflexgrid02', '增加', '增加', 'flexgrid.cmd?method=forinsert;flexgrid.cmd?method=insert;flexgrid.cmd?method=insertContinue', 0, 'webflexgrid', '0', '0', '00', 0 );  
INSERT INTO pub_resources(RESOURCE_ID, RESOURCE_NAME, RESOURCE_ALIAS, URL_NAMES, SECURITY_LEVEL, FUNCTION_ID, IS_DEFAULT, IS_AUDIT, RES_TYPE_ID, SEQ ) VALUES ( 'webflexgrid03', '修改', '修改', 'flexgrid.cmd?method=forupdate;flexgrid.cmd?method=update', 0, 'webflexgrid', '0', '0', '00', 0 );  
INSERT INTO pub_resources(RESOURCE_ID, RESOURCE_NAME, RESOURCE_ALIAS, URL_NAMES, SECURITY_LEVEL, FUNCTION_ID, IS_DEFAULT, IS_AUDIT, RES_TYPE_ID, SEQ ) VALUES ( 'webflexgrid04', '删除', '删除', 'flexgrid.cmd?method=delete', 0, 'webflexgrid', '0', '0', '00', 0 );  
INSERT INTO pub_resources(RESOURCE_ID, RESOURCE_NAME, RESOURCE_ALIAS, URL_NAMES, SECURITY_LEVEL, FUNCTION_ID, IS_DEFAULT, IS_AUDIT, RES_TYPE_ID, SEQ ) VALUES ( 'webflexgrid05', '明细', '明细', 'flexgrid.cmd?method=detail', 0, 'webflexgrid', '0', '0', '00', 0 ); 
INSERT INTO pub_resources(RESOURCE_ID, RESOURCE_NAME, RESOURCE_ALIAS, URL_NAMES, SECURITY_LEVEL, FUNCTION_ID, IS_DEFAULT, IS_AUDIT, RES_TYPE_ID, SEQ ) VALUES ( 'webflexgrid06', '辅助', '辅助', 'flexgrid.cmd?method=getProvinces;flexgrid.cmd?method=getCitys', 0, 'webflexgrid', '0', '0', '00', 0 ); 
INSERT INTO pub_resources(RESOURCE_ID, RESOURCE_NAME, RESOURCE_ALIAS, URL_NAMES, SECURITY_LEVEL, FUNCTION_ID, IS_DEFAULT, IS_AUDIT, RES_TYPE_ID, SEQ ) VALUES ( 'webgrid01', '查询', '查询', 'maingridquery_page_init.cmd;product.cmd;maingrid.cmd;productquery_page_init.cmd', 0, 'webgrid', '0', '0', '00', 0 ); 
INSERT INTO pub_resources(RESOURCE_ID, RESOURCE_NAME, RESOURCE_ALIAS, URL_NAMES, SECURITY_LEVEL, FUNCTION_ID, IS_DEFAULT, IS_AUDIT, RES_TYPE_ID, SEQ ) VALUES ( 'webgrid02', '增加', '增加', 'maingrid.cmd?method=forinsert;maingrid.cmd?method=insert;maingrid.cmd?method=insertContinue;product.cmd?method=forinsert;product.cmd?method=insert;product.cmd?method=insertContinue', 0, 'webgrid', '0', '0', '00', 0 ); 
INSERT INTO pub_resources(RESOURCE_ID, RESOURCE_NAME, RESOURCE_ALIAS, URL_NAMES, SECURITY_LEVEL, FUNCTION_ID, IS_DEFAULT, IS_AUDIT, RES_TYPE_ID, SEQ ) VALUES ( 'webgrid03', '修改', '修改', 'maingrid.cmd?method=forupdate;maingrid.cmd?method=update;product.cmd?method=forupdate;product.cmd?method=update', 0, 'webgrid', '0', '0', '00', 0 ); 
INSERT INTO pub_resources(RESOURCE_ID, RESOURCE_NAME, RESOURCE_ALIAS, URL_NAMES, SECURITY_LEVEL, FUNCTION_ID, IS_DEFAULT, IS_AUDIT, RES_TYPE_ID, SEQ ) VALUES ( 'webgrid04', '删除', '删除', 'maingrid.cmd?method=delete;product.cmd?method=delete', 0, 'webgrid', '0', '0', '00', 0 ); 
INSERT INTO pub_resources(RESOURCE_ID, RESOURCE_NAME, RESOURCE_ALIAS, URL_NAMES, SECURITY_LEVEL, FUNCTION_ID, IS_DEFAULT, IS_AUDIT, RES_TYPE_ID, SEQ ) VALUES ( 'webgrid05', '明细', '明细', 'maingrid.cmd?method=detail;product.cmd?method=detail', 0, 'webgrid', '0', '0', '00', 0 );  
INSERT INTO pub_resources(RESOURCE_ID, RESOURCE_NAME, RESOURCE_ALIAS, URL_NAMES, SECURITY_LEVEL, FUNCTION_ID, IS_DEFAULT, IS_AUDIT, RES_TYPE_ID, SEQ ) VALUES ( 'webhtml01', '查询', '查询', 'lsemployeequery_page_init.cmd', 0, 'webhtml', '0', '0', '00', 0 ); 
INSERT INTO pub_resources(RESOURCE_ID, RESOURCE_NAME, RESOURCE_ALIAS, URL_NAMES, SECURITY_LEVEL, FUNCTION_ID, IS_DEFAULT, IS_AUDIT, RES_TYPE_ID, SEQ ) VALUES ( 'webhtml02', '增加', '增加', 'lsemployee.cmd?method=forinsert;lsemployee.cmd?method=insert;lsemployee.cmd?method=insertContinue', 0, 'webhtml', '0', '0', '00', 0 ); 
INSERT INTO pub_resources(RESOURCE_ID, RESOURCE_NAME, RESOURCE_ALIAS, URL_NAMES, SECURITY_LEVEL, FUNCTION_ID, IS_DEFAULT, IS_AUDIT, RES_TYPE_ID, SEQ ) VALUES ( 'webhtml03', '修改', '修改', 'lsemployee.cmd?method=forupdate;lsemployee.cmd?method=update', 0, 'webhtml', '0', '0', '00', 0 ); 
INSERT INTO pub_resources(RESOURCE_ID, RESOURCE_NAME, RESOURCE_ALIAS, URL_NAMES, SECURITY_LEVEL, FUNCTION_ID, IS_DEFAULT, IS_AUDIT, RES_TYPE_ID, SEQ ) VALUES ( 'webhtml04', '删除', '删除', 'lsemployee.cmd?method=delete', 0, 'webhtml', '0', '0', '00', 0 ); 
INSERT INTO pub_resources(RESOURCE_ID, RESOURCE_NAME, RESOURCE_ALIAS, URL_NAMES, SECURITY_LEVEL, FUNCTION_ID, IS_DEFAULT, IS_AUDIT, RES_TYPE_ID, SEQ ) VALUES ( 'webhtml05', '明细', '明细', 'lsemployee.cmd?method=detail', 0, 'webhtml', '0', '0', '00', 0 ); 
INSERT INTO pub_resources(RESOURCE_ID, RESOURCE_NAME, RESOURCE_ALIAS, URL_NAMES, SECURITY_LEVEL, FUNCTION_ID, IS_DEFAULT, IS_AUDIT, RES_TYPE_ID, SEQ ) VALUES ( 'webhtml06', '辅助', '辅助', 'lsemployee.cmd?method=getProvinces;lsemployee.cmd?method=getCitys;lsemployee.cmd?method=getImgUrl', 0, 'webhtml', '0', '0', '00', 0 ); 
INSERT INTO pub_resources(RESOURCE_ID, RESOURCE_NAME, RESOURCE_ALIAS, URL_NAMES, SECURITY_LEVEL, FUNCTION_ID, IS_DEFAULT, IS_AUDIT, RES_TYPE_ID, SEQ ) VALUES ( 'webhtml07', '异步删除', '异步删除', 'lsemployee.cmd?method=asynDelete', 0, 'webhtml', '0', '0', '00', 0 ); 
INSERT INTO pub_resources(RESOURCE_ID, RESOURCE_NAME, RESOURCE_ALIAS, URL_NAMES, SECURITY_LEVEL, FUNCTION_ID, IS_DEFAULT, IS_AUDIT, RES_TYPE_ID, SEQ ) VALUES ( 'webtree01', '查询', '查询', 'organstruquery_page_init.cmd', 0, 'webtree', '0', '0', '00', 0 );  
INSERT INTO pub_resources(RESOURCE_ID, RESOURCE_NAME, RESOURCE_ALIAS, URL_NAMES, SECURITY_LEVEL, FUNCTION_ID, IS_DEFAULT, IS_AUDIT, RES_TYPE_ID, SEQ ) VALUES ( 'webtree02', '增加', '增加', 'organstru.cmd?method=forinsert;organstru.cmd?method=insert;organstru.cmd?method=insertContinue', 0, 'webtree', '0', '0', '00', 0 );  
INSERT INTO pub_resources(RESOURCE_ID, RESOURCE_NAME, RESOURCE_ALIAS, URL_NAMES, SECURITY_LEVEL, FUNCTION_ID, IS_DEFAULT, IS_AUDIT, RES_TYPE_ID, SEQ ) VALUES ( 'webtree03', '修改', '修改', 'organstru.cmd?method=forupdate;organstru.cmd?method=update', 0, 'webtree', '0', '0', '00', 0 );  
INSERT INTO pub_resources(RESOURCE_ID, RESOURCE_NAME, RESOURCE_ALIAS, URL_NAMES, SECURITY_LEVEL, FUNCTION_ID, IS_DEFAULT, IS_AUDIT, RES_TYPE_ID, SEQ ) VALUES ( 'webtree04', '删除', '删除', 'organstru.cmd?method=delete', 0, 'webtree', '0', '0', '00', 0 );  
INSERT INTO pub_resources(RESOURCE_ID, RESOURCE_NAME, RESOURCE_ALIAS, URL_NAMES, SECURITY_LEVEL, FUNCTION_ID, IS_DEFAULT, IS_AUDIT, RES_TYPE_ID, SEQ ) VALUES ( 'webtree05', '明细', '明细', 'organstru.cmd?method=detail', 0, 'webtree', '0', '0', '00', 0 );  
INSERT INTO pub_resources(RESOURCE_ID, RESOURCE_NAME, RESOURCE_ALIAS, URL_NAMES, SECURITY_LEVEL, FUNCTION_ID, IS_DEFAULT, IS_AUDIT, RES_TYPE_ID, SEQ ) VALUES ( 'webtree06', '定位', '定位', 'organstru.cmd?method=query', 0, 'webtree', '0', '0', '00', 0 ); 
INSERT INTO pub_resources(RESOURCE_ID, RESOURCE_NAME, RESOURCE_ALIAS, URL_NAMES, SECURITY_LEVEL, FUNCTION_ID, IS_DEFAULT, IS_AUDIT, RES_TYPE_ID, SEQ ) VALUES ( 'webtree07', '节点', '节点', 'organstru.cmd?method=getRoot;organstru.cmd?method=getChildren', 0, 'webtree', '0', '0', '00', 0 ); 
INSERT INTO pub_resources(RESOURCE_ID, RESOURCE_NAME, RESOURCE_ALIAS, URL_NAMES, SECURITY_LEVEL, FUNCTION_ID, IS_DEFAULT, IS_AUDIT, RES_TYPE_ID, SEQ ) VALUES ( 'webtree08', '帮助', '帮助', 'organstru.cmd?method=getHelp;organstru.cmd?method=getHelpCh', 0, 'webtree', '0', '0', '00', 0 ); 
INSERT INTO pub_resources(RESOURCE_ID, RESOURCE_NAME, RESOURCE_ALIAS, URL_NAMES, SECURITY_LEVEL, FUNCTION_ID, IS_DEFAULT, IS_AUDIT, RES_TYPE_ID, SEQ ) VALUES ( 'webtree09', '排序', '排序', 'organstru.cmd?method=changeStruOrder;organstru.cmd?method=getChangeOrderRoot;organstru.cmd?method=getCheckChild', 0, 'webtree', '0', '0', '00', 0 ); 
INSERT INTO pub_resources(RESOURCE_ID, RESOURCE_NAME, RESOURCE_ALIAS, URL_NAMES, SECURITY_LEVEL, FUNCTION_ID, IS_DEFAULT, IS_AUDIT, RES_TYPE_ID, SEQ ) VALUES ( 'webupload01', '查询', '查询', 'mainblobquery_page_init.cmd', 0, 'webupload', '0', '0', '00', 0 ); 
INSERT INTO pub_resources(RESOURCE_ID, RESOURCE_NAME, RESOURCE_ALIAS, URL_NAMES, SECURITY_LEVEL, FUNCTION_ID, IS_DEFAULT, IS_AUDIT, RES_TYPE_ID, SEQ ) VALUES ( 'webupload02', '增加', '增加', 'mainblob.cmd?method=forinsert;mainblob.cmd?method=insert;mainblob.cmd?method=insertContinue', 0, 'webupload', '0', '0', '00', 0 ); 
INSERT INTO pub_resources(RESOURCE_ID, RESOURCE_NAME, RESOURCE_ALIAS, URL_NAMES, SECURITY_LEVEL, FUNCTION_ID, IS_DEFAULT, IS_AUDIT, RES_TYPE_ID, SEQ ) VALUES ( 'webupload03', '修改', '修改', 'mainblob.cmd?method=forupdate;mainblob.cmd?method=update', 0, 'webupload', '0', '0', '00', 0 ); 
INSERT INTO pub_resources(RESOURCE_ID, RESOURCE_NAME, RESOURCE_ALIAS, URL_NAMES, SECURITY_LEVEL, FUNCTION_ID, IS_DEFAULT, IS_AUDIT, RES_TYPE_ID, SEQ ) VALUES ( 'webupload04', '删除', '删除', 'mainblob.cmd?method=delete', 0, 'webupload', '0', '0', '00', 0 ); 
INSERT INTO pub_resources(RESOURCE_ID, RESOURCE_NAME, RESOURCE_ALIAS, URL_NAMES, SECURITY_LEVEL, FUNCTION_ID, IS_DEFAULT, IS_AUDIT, RES_TYPE_ID, SEQ ) VALUES ( 'webupload05', '明细', '明细', 'mainblob.cmd?method=detail', 0, 'webupload', '0', '0', '00', 0 ); 
INSERT INTO pub_resources(RESOURCE_ID, RESOURCE_NAME, RESOURCE_ALIAS, URL_NAMES, SECURITY_LEVEL, FUNCTION_ID, IS_DEFAULT, IS_AUDIT, RES_TYPE_ID, SEQ ) VALUES ( 'webzuhe01', '查询', '查询', 'comboboxtestquery_page_init.cmd;combocollectionquery_page_init.cmd', 0, 'webzuhe', '0', '0', '00', 0 );  
INSERT INTO pub_resources(RESOURCE_ID, RESOURCE_NAME, RESOURCE_ALIAS, URL_NAMES, SECURITY_LEVEL, FUNCTION_ID, IS_DEFAULT, IS_AUDIT, RES_TYPE_ID, SEQ ) VALUES ( 'webzuhe02', '增加', '增加', 'comboboxtest.cmd?method=forinsert;comboboxtest.cmd?method=insert;comboboxtest.cmd?method=insertContinue;combocollection.cmd?method=forinsert;combocollection.cmd?method=insert;comboboxtest.cmd?method=test;combocollection.cmd?method=insertContinue', 0, 'webzuhe', '0', '0', '00', 0 );  
INSERT INTO pub_resources(RESOURCE_ID, RESOURCE_NAME, RESOURCE_ALIAS, URL_NAMES, SECURITY_LEVEL, FUNCTION_ID, IS_DEFAULT, IS_AUDIT, RES_TYPE_ID, SEQ ) VALUES ( 'webzuhe03', '修改', '修改', 'comboboxtest.cmd?method=forupdate;comboboxtest.cmd?method=update;combocollection.cmd?method=forupdate;combocollection.cmd?method=update', 0, 'webzuhe', '0', '0', '00', 0 );  
INSERT INTO pub_resources(RESOURCE_ID, RESOURCE_NAME, RESOURCE_ALIAS, URL_NAMES, SECURITY_LEVEL, FUNCTION_ID, IS_DEFAULT, IS_AUDIT, RES_TYPE_ID, SEQ ) VALUES ( 'webzuhe04', '删除', '删除', 'comboboxtest.cmd?method=delete;combocollection.cmd?method=delete', 0, 'webzuhe', '0', '0', '00', 0 );  
INSERT INTO pub_resources(RESOURCE_ID, RESOURCE_NAME, RESOURCE_ALIAS, URL_NAMES, SECURITY_LEVEL, FUNCTION_ID, IS_DEFAULT, IS_AUDIT, RES_TYPE_ID, SEQ ) VALUES ( 'webzuhe05', '明细', '明细', 'comboboxtest.cmd?method=detail;combocollection.cmd?method=detail', 0, 'webzuhe', '0', '0', '00', 0 );  
--INSERT INTO pub_resources(RESOURCE_ID, RESOURCE_NAME, RESOURCE_ALIAS, URL_NAMES, SECURITY_LEVEL, FUNCTION_ID, IS_DEFAULT, IS_AUDIT, RES_TYPE_ID, SEQ ) VALUES ( 'webtab01', '查询', '查询', 'lsplanquery_page_init.cmd', 0, 'webtab', '0', '0', '00', 0 ); 
--INSERT INTO pub_resources(RESOURCE_ID, RESOURCE_NAME, RESOURCE_ALIAS, URL_NAMES, SECURITY_LEVEL, FUNCTION_ID, IS_DEFAULT, IS_AUDIT, RES_TYPE_ID, SEQ ) VALUES ( 'webtab02', '增加', '增加', 'lsplan.cmd?method=forinsert;lsplan.cmd?method=insert;lsplan.cmd?method=insertContinue', 0, 'webtab', '0', '0', '00', 0 ); 
--INSERT INTO pub_resources(RESOURCE_ID, RESOURCE_NAME, RESOURCE_ALIAS, URL_NAMES, SECURITY_LEVEL, FUNCTION_ID, IS_DEFAULT, IS_AUDIT, RES_TYPE_ID, SEQ ) VALUES ( 'webtab03', '修改', '修改', 'lsplan.cmd?method=forupdate;lsplan.cmd?method=update', 0, 'webtab', '0', '0', '00', 0 ); 
--INSERT INTO pub_resources(RESOURCE_ID, RESOURCE_NAME, RESOURCE_ALIAS, URL_NAMES, SECURITY_LEVEL, FUNCTION_ID, IS_DEFAULT, IS_AUDIT, RES_TYPE_ID, SEQ ) VALUES ( 'webtab04', '删除', '删除', 'lsplan.cmd?method=delete', 0, 'webtab', '0', '0', '00', 0 ); 
--INSERT INTO pub_resources(RESOURCE_ID, RESOURCE_NAME, RESOURCE_ALIAS, URL_NAMES, SECURITY_LEVEL, FUNCTION_ID, IS_DEFAULT, IS_AUDIT, RES_TYPE_ID, SEQ ) VALUES ( 'webtab05', '明细', '明细', 'lsplan.cmd?method=detail', 0, 'webtab', '0', '0', '00', 0 ); 

----pub_role_resource
INSERT INTO pub_role_resource(ROLE_ID, RESOURCE_ID ) VALUES ( 'SUPERADMIN', 'webflexgrid01' );
INSERT INTO pub_role_resource(ROLE_ID, RESOURCE_ID ) VALUES ( 'SUPERADMIN', 'webflexgrid02' );
INSERT INTO pub_role_resource(ROLE_ID, RESOURCE_ID ) VALUES ( 'SUPERADMIN', 'webflexgrid03' );
INSERT INTO pub_role_resource(ROLE_ID, RESOURCE_ID ) VALUES ( 'SUPERADMIN', 'webflexgrid04' );
INSERT INTO pub_role_resource(ROLE_ID, RESOURCE_ID ) VALUES ( 'SUPERADMIN', 'webflexgrid05' );
INSERT INTO pub_role_resource(ROLE_ID, RESOURCE_ID ) VALUES ( 'SUPERADMIN', 'webflexgrid06' );
INSERT INTO pub_role_resource(ROLE_ID, RESOURCE_ID ) VALUES ( 'SUPERADMIN', 'webgrid01' );  
INSERT INTO pub_role_resource(ROLE_ID, RESOURCE_ID ) VALUES ( 'SUPERADMIN', 'webgrid02' ); 
INSERT INTO pub_role_resource(ROLE_ID, RESOURCE_ID ) VALUES ( 'SUPERADMIN', 'webgrid03' ); 
INSERT INTO pub_role_resource(ROLE_ID, RESOURCE_ID ) VALUES ( 'SUPERADMIN', 'webgrid04' ); 
INSERT INTO pub_role_resource(ROLE_ID, RESOURCE_ID ) VALUES ( 'SUPERADMIN', 'webgrid05' ); 
INSERT INTO pub_role_resource(ROLE_ID, RESOURCE_ID ) VALUES ( 'SUPERADMIN', 'webhtml01' ); 
INSERT INTO pub_role_resource(ROLE_ID, RESOURCE_ID ) VALUES ( 'SUPERADMIN', 'webhtml02' );
INSERT INTO pub_role_resource(ROLE_ID, RESOURCE_ID ) VALUES ( 'SUPERADMIN', 'webhtml03' );
INSERT INTO pub_role_resource(ROLE_ID, RESOURCE_ID ) VALUES ( 'SUPERADMIN', 'webhtml04' );
INSERT INTO pub_role_resource(ROLE_ID, RESOURCE_ID ) VALUES ( 'SUPERADMIN', 'webhtml05' );
INSERT INTO pub_role_resource(ROLE_ID, RESOURCE_ID ) VALUES ( 'SUPERADMIN', 'webhtml06' );
INSERT INTO pub_role_resource(ROLE_ID, RESOURCE_ID ) VALUES ( 'SUPERADMIN', 'webhtml07' );
INSERT INTO pub_role_resource(ROLE_ID, RESOURCE_ID ) VALUES ( 'SUPERADMIN', 'webtree01' ); 
INSERT INTO pub_role_resource(ROLE_ID, RESOURCE_ID ) VALUES ( 'SUPERADMIN', 'webtree02' );
INSERT INTO pub_role_resource(ROLE_ID, RESOURCE_ID ) VALUES ( 'SUPERADMIN', 'webtree03' );
INSERT INTO pub_role_resource(ROLE_ID, RESOURCE_ID ) VALUES ( 'SUPERADMIN', 'webtree04' );
INSERT INTO pub_role_resource(ROLE_ID, RESOURCE_ID ) VALUES ( 'SUPERADMIN', 'webtree05' );
INSERT INTO pub_role_resource(ROLE_ID, RESOURCE_ID ) VALUES ( 'SUPERADMIN', 'webtree06' );
INSERT INTO pub_role_resource(ROLE_ID, RESOURCE_ID ) VALUES ( 'SUPERADMIN', 'webtree07' );
INSERT INTO pub_role_resource(ROLE_ID, RESOURCE_ID ) VALUES ( 'SUPERADMIN', 'webtree08' );
INSERT INTO pub_role_resource(ROLE_ID, RESOURCE_ID ) VALUES ( 'SUPERADMIN', 'webtree09' );
INSERT INTO pub_role_resource(ROLE_ID, RESOURCE_ID ) VALUES ( 'SUPERADMIN', 'webupload01' );  
INSERT INTO pub_role_resource(ROLE_ID, RESOURCE_ID ) VALUES ( 'SUPERADMIN', 'webupload02' ); 
INSERT INTO pub_role_resource(ROLE_ID, RESOURCE_ID ) VALUES ( 'SUPERADMIN', 'webupload03' ); 
INSERT INTO pub_role_resource(ROLE_ID, RESOURCE_ID ) VALUES ( 'SUPERADMIN', 'webupload04' ); 
INSERT INTO pub_role_resource(ROLE_ID, RESOURCE_ID ) VALUES ( 'SUPERADMIN', 'webupload05' ); 
INSERT INTO pub_role_resource(ROLE_ID, RESOURCE_ID ) VALUES ( 'SUPERADMIN', 'webzuhe01' );  
INSERT INTO pub_role_resource(ROLE_ID, RESOURCE_ID ) VALUES ( 'SUPERADMIN', 'webzuhe02' ); 
INSERT INTO pub_role_resource(ROLE_ID, RESOURCE_ID ) VALUES ( 'SUPERADMIN', 'webzuhe03' ); 
INSERT INTO pub_role_resource(ROLE_ID, RESOURCE_ID ) VALUES ( 'SUPERADMIN', 'webzuhe04' ); 
INSERT INTO pub_role_resource(ROLE_ID, RESOURCE_ID ) VALUES ( 'SUPERADMIN', 'webzuhe05' ); 
--INSERT INTO pub_role_resource(ROLE_ID, RESOURCE_ID ) VALUES ( 'SUPERADMIN', 'webtab01' );
--INSERT INTO pub_role_resource(ROLE_ID, RESOURCE_ID ) VALUES ( 'SUPERADMIN', 'webtab02' );
--INSERT INTO pub_role_resource(ROLE_ID, RESOURCE_ID ) VALUES ( 'SUPERADMIN', 'webtab03' );
--INSERT INTO pub_role_resource(ROLE_ID, RESOURCE_ID ) VALUES ( 'SUPERADMIN', 'webtab04' );
--INSERT INTO pub_role_resource(ROLE_ID, RESOURCE_ID ) VALUES ( 'SUPERADMIN', 'webtab05' );

---pub_urls
INSERT INTO pub_urls(URL_ID, URL_NAME, RESOURCE_ID, FUNCTION_ID, URL_NOTE ) VALUES ( 'webhtml0101', 'lsemployeequery_page_init.cmd', 'webhtml01', 'webhtml', null ); 
INSERT INTO pub_urls(URL_ID, URL_NAME, RESOURCE_ID, FUNCTION_ID, URL_NOTE ) VALUES ( 'webhtml0201', 'lsemployee.cmd?method=insert', 'webhtml02', 'webhtml', null ); 
INSERT INTO pub_urls(URL_ID, URL_NAME, RESOURCE_ID, FUNCTION_ID, URL_NOTE ) VALUES ( 'webhtml0202', 'lsemployee.cmd?method=forinsert', 'webhtml02', 'webhtml', null ); 
INSERT INTO pub_urls(URL_ID, URL_NAME, RESOURCE_ID, FUNCTION_ID, URL_NOTE ) VALUES ( 'webhtml0203', 'lsemployee.cmd?method=insertContinue', 'webhtml02', 'webhtml', null );  
INSERT INTO pub_urls(URL_ID, URL_NAME, RESOURCE_ID, FUNCTION_ID, URL_NOTE ) VALUES ( 'webhtml0301', 'lsemployee.cmd?method=forupdate', 'webhtml03', 'webhtml', null );  
INSERT INTO pub_urls(URL_ID, URL_NAME, RESOURCE_ID, FUNCTION_ID, URL_NOTE ) VALUES ( 'webhtml0302', 'lsemployee.cmd?method=update', 'webhtml03', 'webhtml', null );  
INSERT INTO pub_urls(URL_ID, URL_NAME, RESOURCE_ID, FUNCTION_ID, URL_NOTE ) VALUES ( 'webhtml0401', 'lsemployee.cmd?method=delete', 'webhtml04', 'webhtml', null );
INSERT INTO pub_urls(URL_ID, URL_NAME, RESOURCE_ID, FUNCTION_ID, URL_NOTE ) VALUES ( 'webhtml0501', 'lsemployee.cmd?method=detail', 'webhtml05', 'webhtml', null ); 
INSERT INTO pub_urls(URL_ID, URL_NAME, RESOURCE_ID, FUNCTION_ID, URL_NOTE ) VALUES ( 'webhtml0601', 'lsemployee.cmd?method=getProvinces', 'webhtml06', 'webhtml', null ); 
INSERT INTO pub_urls(URL_ID, URL_NAME, RESOURCE_ID, FUNCTION_ID, URL_NOTE ) VALUES ( 'webhtml0602', 'lsemployee.cmd?method=getCitys', 'webhtml06', 'webhtml', null ); 
INSERT INTO pub_urls(URL_ID, URL_NAME, RESOURCE_ID, FUNCTION_ID, URL_NOTE ) VALUES ( 'webhtml0603', 'lsemployee.cmd?method=getImgUrl', 'webhtml06', 'webhtml', null );
INSERT INTO pub_urls(URL_ID, URL_NAME, RESOURCE_ID, FUNCTION_ID, URL_NOTE ) VALUES ( 'webhtml0701', 'lsemployee.cmd?method=asynDelete', 'webhtml07', 'webhtml', null );
INSERT INTO pub_urls(URL_ID, URL_NAME, RESOURCE_ID, FUNCTION_ID, URL_NOTE ) VALUES ( 'webtree0101', 'organstruquery_page_init.cmd', 'webtree01', 'webtree', null );  
INSERT INTO pub_urls(URL_ID, URL_NAME, RESOURCE_ID, FUNCTION_ID, URL_NOTE ) VALUES ( 'webtree0201', 'organstru.cmd?method=insert', 'webtree02', 'webtree', null );  
INSERT INTO pub_urls(URL_ID, URL_NAME, RESOURCE_ID, FUNCTION_ID, URL_NOTE ) VALUES ( 'webtree0202', 'organstru.cmd?method=forinsert', 'webtree02', 'webtree', null );  
INSERT INTO pub_urls(URL_ID, URL_NAME, RESOURCE_ID, FUNCTION_ID, URL_NOTE ) VALUES ( 'webtree0203', 'organstru.cmd?method=insertContinue', 'webtree02', 'webtree', null );  
INSERT INTO pub_urls(URL_ID, URL_NAME, RESOURCE_ID, FUNCTION_ID, URL_NOTE ) VALUES ( 'webtree0301', 'organstru.cmd?method=forupdate', 'webtree03', 'webtree', null );  
INSERT INTO pub_urls(URL_ID, URL_NAME, RESOURCE_ID, FUNCTION_ID, URL_NOTE ) VALUES ( 'webtree0302', 'organstru.cmd?method=update', 'webtree03', 'webtree', null );  
INSERT INTO pub_urls(URL_ID, URL_NAME, RESOURCE_ID, FUNCTION_ID, URL_NOTE ) VALUES ( 'webtree0401', 'organstru.cmd?method=delete', 'webtree04', 'webtree', null );  
INSERT INTO pub_urls(URL_ID, URL_NAME, RESOURCE_ID, FUNCTION_ID, URL_NOTE ) VALUES ( 'webtree0501', 'organstru.cmd?method=detail', 'webtree05', 'webtree', null ); 
INSERT INTO pub_urls(URL_ID, URL_NAME, RESOURCE_ID, FUNCTION_ID, URL_NOTE ) VALUES ( 'webtree0601', 'organstru.cmd?method=query', 'webtree06', 'webtree', null );
INSERT INTO pub_urls(URL_ID, URL_NAME, RESOURCE_ID, FUNCTION_ID, URL_NOTE ) VALUES ( 'webtree0701', 'organstru.cmd?method=getRoot', 'webtree07', 'webtree', null );
INSERT INTO pub_urls(URL_ID, URL_NAME, RESOURCE_ID, FUNCTION_ID, URL_NOTE ) VALUES ( 'webtree0702', 'organstru.cmd?method=getChildren', 'webtree07', 'webtree', null );
INSERT INTO pub_urls(URL_ID, URL_NAME, RESOURCE_ID, FUNCTION_ID, URL_NOTE ) VALUES ( 'webtree0801', 'organstru.cmd?method=getHelp', 'webtree08', 'webtree', null );
INSERT INTO pub_urls(URL_ID, URL_NAME, RESOURCE_ID, FUNCTION_ID, URL_NOTE ) VALUES ( 'webtree0802', 'organstru.cmd?method=getHelpCh', 'webtree08', 'webtree', null );
INSERT INTO pub_urls(URL_ID, URL_NAME, RESOURCE_ID, FUNCTION_ID, URL_NOTE ) VALUES ( 'webtree0901', 'organstru.cmd?method=changeStruOrder', 'webtree09', 'webtree', null );
INSERT INTO pub_urls(URL_ID, URL_NAME, RESOURCE_ID, FUNCTION_ID, URL_NOTE ) VALUES ( 'webtree0902', 'organstru.cmd?method=getChangeOrderRoot', 'webtree09', 'webtree', null );
INSERT INTO pub_urls(URL_ID, URL_NAME, RESOURCE_ID, FUNCTION_ID, URL_NOTE ) VALUES ( 'webtree0903', 'organstru.cmd?method=getCheckChild', 'webtree09', 'webtree', null );
INSERT INTO pub_urls(URL_ID, URL_NAME, RESOURCE_ID, FUNCTION_ID, URL_NOTE ) VALUES ( 'webflexgrid0101', 'flexgridquery_page_init.cmd', 'webflexgrid01', 'webflexgrid', null );  
INSERT INTO pub_urls(URL_ID, URL_NAME, RESOURCE_ID, FUNCTION_ID, URL_NOTE ) VALUES ( 'webflexgrid0201', 'flexgrid.cmd?method=forinsert', 'webflexgrid02', 'webflexgrid', null );  
INSERT INTO pub_urls(URL_ID, URL_NAME, RESOURCE_ID, FUNCTION_ID, URL_NOTE ) VALUES ( 'webflexgrid0202', 'flexgrid.cmd?method=insert', 'webflexgrid02', 'webflexgrid', null );  
INSERT INTO pub_urls(URL_ID, URL_NAME, RESOURCE_ID, FUNCTION_ID, URL_NOTE ) VALUES ( 'webflexgrid0203', 'flexgrid.cmd?method=insertContinue', 'webflexgrid02', 'webflexgrid', null );  
INSERT INTO pub_urls(URL_ID, URL_NAME, RESOURCE_ID, FUNCTION_ID, URL_NOTE ) VALUES ( 'webflexgrid0301', 'flexgrid.cmd?method=update', 'webflexgrid03', 'webflexgrid', null );  
INSERT INTO pub_urls(URL_ID, URL_NAME, RESOURCE_ID, FUNCTION_ID, URL_NOTE ) VALUES ( 'webflexgrid0302', 'flexgrid.cmd?method=forupdate', 'webflexgrid03', 'webflexgrid', null );  
INSERT INTO pub_urls(URL_ID, URL_NAME, RESOURCE_ID, FUNCTION_ID, URL_NOTE ) VALUES ( 'webflexgrid0401', 'flexgrid.cmd?method=delete', 'webflexgrid04', 'webflexgrid', null );  
INSERT INTO pub_urls(URL_ID, URL_NAME, RESOURCE_ID, FUNCTION_ID, URL_NOTE ) VALUES ( 'webflexgrid0501', 'flexgrid.cmd?method=detail', 'webflexgrid05', 'webflexgrid', null ); 
INSERT INTO pub_urls(URL_ID, URL_NAME, RESOURCE_ID, FUNCTION_ID, URL_NOTE ) VALUES ( 'webflexgrid0601', 'flexgrid.cmd?method=getProvinces', 'webflexgrid06', 'webflexgrid', null ); 
INSERT INTO pub_urls(URL_ID, URL_NAME, RESOURCE_ID, FUNCTION_ID, URL_NOTE ) VALUES ( 'webflexgrid0602', 'flexgrid.cmd?method=getCitys', 'webflexgrid06', 'webflexgrid', null ); 
INSERT INTO pub_urls(URL_ID, URL_NAME, RESOURCE_ID, FUNCTION_ID, URL_NOTE ) VALUES ( 'webgrid0101', 'productquery_page_init.cmd', 'webgrid01', 'webgrid', null );  
INSERT INTO pub_urls(URL_ID, URL_NAME, RESOURCE_ID, FUNCTION_ID, URL_NOTE ) VALUES ( 'webgrid0102', 'maingridquery_page_init.cmd', 'webgrid01', 'webgrid', null );  
INSERT INTO pub_urls(URL_ID, URL_NAME, RESOURCE_ID, FUNCTION_ID, URL_NOTE ) VALUES ( 'webgrid0201', 'maingrid.cmd?method=insert', 'webgrid02', 'webgrid', null );  
INSERT INTO pub_urls(URL_ID, URL_NAME, RESOURCE_ID, FUNCTION_ID, URL_NOTE ) VALUES ( 'webgrid0202', 'product.cmd?method=insertContinue', 'webgrid02', 'webgrid', null );  
INSERT INTO pub_urls(URL_ID, URL_NAME, RESOURCE_ID, FUNCTION_ID, URL_NOTE ) VALUES ( 'webgrid0203', 'product.cmd?method=insert', 'webgrid02', 'webgrid', null );  
INSERT INTO pub_urls(URL_ID, URL_NAME, RESOURCE_ID, FUNCTION_ID, URL_NOTE ) VALUES ( 'webgrid0204', 'product.cmd?method=forinsert', 'webgrid02', 'webgrid', null );  
INSERT INTO pub_urls(URL_ID, URL_NAME, RESOURCE_ID, FUNCTION_ID, URL_NOTE ) VALUES ( 'webgrid0205', 'maingrid.cmd?method=insertContinue', 'webgrid02', 'webgrid', null );  
INSERT INTO pub_urls(URL_ID, URL_NAME, RESOURCE_ID, FUNCTION_ID, URL_NOTE ) VALUES ( 'webgrid0206', 'maingrid.cmd?method=forinsert', 'webgrid02', 'webgrid', null );  
INSERT INTO pub_urls(URL_ID, URL_NAME, RESOURCE_ID, FUNCTION_ID, URL_NOTE ) VALUES ( 'webgrid0301', 'product.cmd?method=forupdate', 'webgrid03', 'webgrid', null );  
INSERT INTO pub_urls(URL_ID, URL_NAME, RESOURCE_ID, FUNCTION_ID, URL_NOTE ) VALUES ( 'webgrid0302', 'maingrid.cmd?method=forupdate', 'webgrid03', 'webgrid', null );  
INSERT INTO pub_urls(URL_ID, URL_NAME, RESOURCE_ID, FUNCTION_ID, URL_NOTE ) VALUES ( 'webgrid0303', 'product.cmd?method=update', 'webgrid03', 'webgrid', null );  
INSERT INTO pub_urls(URL_ID, URL_NAME, RESOURCE_ID, FUNCTION_ID, URL_NOTE ) VALUES ( 'webgrid0304', 'maingrid.cmd?method=update', 'webgrid03', 'webgrid', null );  
INSERT INTO pub_urls(URL_ID, URL_NAME, RESOURCE_ID, FUNCTION_ID, URL_NOTE ) VALUES ( 'webgrid0401', 'maingrid.cmd?method=delete', 'webgrid04', 'webgrid', null );  
INSERT INTO pub_urls(URL_ID, URL_NAME, RESOURCE_ID, FUNCTION_ID, URL_NOTE ) VALUES ( 'webgrid0402', 'product.cmd?method=delete', 'webgrid04', 'webgrid', null );  
INSERT INTO pub_urls(URL_ID, URL_NAME, RESOURCE_ID, FUNCTION_ID, URL_NOTE ) VALUES ( 'webgrid0501', 'product.cmd?method=detail', 'webgrid05', 'webgrid', null );  
INSERT INTO pub_urls(URL_ID, URL_NAME, RESOURCE_ID, FUNCTION_ID, URL_NOTE ) VALUES ( 'webgrid0502', 'maingrid.cmd?method=detail', 'webgrid05', 'webgrid', null ); 
--INSERT INTO pub_urls(URL_ID, URL_NAME, RESOURCE_ID, FUNCTION_ID, URL_NOTE ) VALUES ( 'webtab0101', 'lsplanquery_page_init.cmd', 'webtab01', 'webtab', null );  
--INSERT INTO pub_urls(URL_ID, URL_NAME, RESOURCE_ID, FUNCTION_ID, URL_NOTE ) VALUES ( 'webtab0201', 'lsplan.cmd?method=forinsert', 'webtab02', 'webtab', null );  
--INSERT INTO pub_urls(URL_ID, URL_NAME, RESOURCE_ID, FUNCTION_ID, URL_NOTE ) VALUES ( 'webtab0202', 'lsplan.cmd?method=insertContinue', 'webtab02', 'webtab', null );  
--INSERT INTO pub_urls(URL_ID, URL_NAME, RESOURCE_ID, FUNCTION_ID, URL_NOTE ) VALUES ( 'webtab0203', 'lsplan.cmd?method=insert', 'webtab02', 'webtab', null );  
--INSERT INTO pub_urls(URL_ID, URL_NAME, RESOURCE_ID, FUNCTION_ID, URL_NOTE ) VALUES ( 'webtab0301', 'lsplan.cmd?method=update', 'webtab03', 'webtab', null );  
--INSERT INTO pub_urls(URL_ID, URL_NAME, RESOURCE_ID, FUNCTION_ID, URL_NOTE ) VALUES ( 'webtab0302', 'lsplan.cmd?method=forupdate', 'webtab03', 'webtab', null );
--INSERT INTO pub_urls(URL_ID, URL_NAME, RESOURCE_ID, FUNCTION_ID, URL_NOTE ) VALUES ( 'webtab0401', 'lsplan.cmd?method=delete', 'webtab04', 'webtab', null );  
--INSERT INTO pub_urls(URL_ID, URL_NAME, RESOURCE_ID, FUNCTION_ID, URL_NOTE ) VALUES ( 'webtab0501', 'lsplan.cmd?method=detail', 'webtab05', 'webtab', null ); 
INSERT INTO pub_urls(URL_ID, URL_NAME, RESOURCE_ID, FUNCTION_ID, URL_NOTE ) VALUES ( 'webzuhe0101', 'combocollectionquery_page_init.cmd', 'webzuhe01', 'webzuhe', null );  
INSERT INTO pub_urls(URL_ID, URL_NAME, RESOURCE_ID, FUNCTION_ID, URL_NOTE ) VALUES ( 'webzuhe0102', 'comboboxtestquery_page_init.cmd', 'webzuhe01', 'webzuhe', null );  
INSERT INTO pub_urls(URL_ID, URL_NAME, RESOURCE_ID, FUNCTION_ID, URL_NOTE ) VALUES ( 'webzuhe0201', 'combocollection.cmd?method=insert', 'webzuhe02', 'webzuhe', null );
INSERT INTO pub_urls(URL_ID, URL_NAME, RESOURCE_ID, FUNCTION_ID, URL_NOTE ) VALUES ( 'webzuhe0202', 'comboboxtest.cmd?method=test', 'webzuhe02', 'webzuhe', null ); 
INSERT INTO pub_urls(URL_ID, URL_NAME, RESOURCE_ID, FUNCTION_ID, URL_NOTE ) VALUES ( 'webzuhe0203', 'comboboxtest.cmd?method=forinsert', 'webzuhe02', 'webzuhe', null );  
INSERT INTO pub_urls(URL_ID, URL_NAME, RESOURCE_ID, FUNCTION_ID, URL_NOTE ) VALUES ( 'webzuhe0204', 'combocollection.cmd?method=insertContinue', 'webzuhe02', 'webzuhe', null );  
INSERT INTO pub_urls(URL_ID, URL_NAME, RESOURCE_ID, FUNCTION_ID, URL_NOTE ) VALUES ( 'webzuhe0205', 'comboboxtest.cmd?method=insertContinue', 'webzuhe02', 'webzuhe', null );  
INSERT INTO pub_urls(URL_ID, URL_NAME, RESOURCE_ID, FUNCTION_ID, URL_NOTE ) VALUES ( 'webzuhe0206', 'comboboxtest.cmd?method=insert', 'webzuhe02', 'webzuhe', null );  
INSERT INTO pub_urls(URL_ID, URL_NAME, RESOURCE_ID, FUNCTION_ID, URL_NOTE ) VALUES ( 'webzuhe0207', 'combocollection.cmd?method=forinsert', 'webzuhe02', 'webzuhe', null );  
INSERT INTO pub_urls(URL_ID, URL_NAME, RESOURCE_ID, FUNCTION_ID, URL_NOTE ) VALUES ( 'webzuhe0301', 'comboboxtest.cmd?method=update', 'webzuhe03', 'webzuhe', null );  
INSERT INTO pub_urls(URL_ID, URL_NAME, RESOURCE_ID, FUNCTION_ID, URL_NOTE ) VALUES ( 'webzuhe0302', 'combocollection.cmd?method=update', 'webzuhe03', 'webzuhe', null );  
INSERT INTO pub_urls(URL_ID, URL_NAME, RESOURCE_ID, FUNCTION_ID, URL_NOTE ) VALUES ( 'webzuhe0303', 'comboboxtest.cmd?method=forupdate', 'webzuhe03', 'webzuhe', null );  
INSERT INTO pub_urls(URL_ID, URL_NAME, RESOURCE_ID, FUNCTION_ID, URL_NOTE ) VALUES ( 'webzuhe0304', 'combocollection.cmd?method=forupdate', 'webzuhe03', 'webzuhe', null );  
INSERT INTO pub_urls(URL_ID, URL_NAME, RESOURCE_ID, FUNCTION_ID, URL_NOTE ) VALUES ( 'webzuhe0401', 'combocollection.cmd?method=delete', 'webzuhe04', 'webzuhe', null );  
INSERT INTO pub_urls(URL_ID, URL_NAME, RESOURCE_ID, FUNCTION_ID, URL_NOTE ) VALUES ( 'webzuhe0402', 'comboboxtest.cmd?method=delete', 'webzuhe04', 'webzuhe', null );  
INSERT INTO pub_urls(URL_ID, URL_NAME, RESOURCE_ID, FUNCTION_ID, URL_NOTE ) VALUES ( 'webzuhe0501', 'combocollection.cmd?method=detail', 'webzuhe05', 'webzuhe', null );  
INSERT INTO pub_urls(URL_ID, URL_NAME, RESOURCE_ID, FUNCTION_ID, URL_NOTE ) VALUES ( 'webzuhe0502', 'comboboxtest.cmd?method=detail', 'webzuhe05', 'webzuhe', null ); 
INSERT INTO pub_urls(URL_ID, URL_NAME, RESOURCE_ID, FUNCTION_ID, URL_NOTE ) VALUES ( 'webupload0101', 'mainblobquery_page_init.cmd', 'webupload01', 'webupload', null );  
INSERT INTO pub_urls(URL_ID, URL_NAME, RESOURCE_ID, FUNCTION_ID, URL_NOTE ) VALUES ( 'webupload0201', 'mainblob.cmd?method=forinsert', 'webupload02', 'webupload', null );  
INSERT INTO pub_urls(URL_ID, URL_NAME, RESOURCE_ID, FUNCTION_ID, URL_NOTE ) VALUES ( 'webupload0202', 'mainblob.cmd?method=insertContinue', 'webupload02', 'webupload', null );  
INSERT INTO pub_urls(URL_ID, URL_NAME, RESOURCE_ID, FUNCTION_ID, URL_NOTE ) VALUES ( 'webupload0203', 'mainblob.cmd?method=insert', 'webupload02', 'webupload', null );  
INSERT INTO pub_urls(URL_ID, URL_NAME, RESOURCE_ID, FUNCTION_ID, URL_NOTE ) VALUES ( 'webupload0301', 'mainblob.cmd?method=update', 'webupload03', 'webupload', null );  
INSERT INTO pub_urls(URL_ID, URL_NAME, RESOURCE_ID, FUNCTION_ID, URL_NOTE ) VALUES ( 'webupload0302', 'mainblob.cmd?method=forupdate', 'webupload03', 'webupload', null );  
INSERT INTO pub_urls(URL_ID, URL_NAME, RESOURCE_ID, FUNCTION_ID, URL_NOTE ) VALUES ( 'webupload0401', 'mainblob.cmd?method=delete', 'webupload04', 'webupload', null );  
INSERT INTO pub_urls(URL_ID, URL_NAME, RESOURCE_ID, FUNCTION_ID, URL_NOTE ) VALUES ( 'webupload0501', 'mainblob.cmd?method=detail', 'webupload05', 'webupload', null );


INSERT INTO pub_menu_sysitem(MENU_ID, TEXT, TITLE, TYPE, VALUE, TARGET, OPTIONS, FUNCTION_ID, APP_ID ) VALUES ( 'DEMO0108', 'EditGrid分页示例', null, '0', null, null, null, null, '' ); 
INSERT INTO pub_menu_sysitem(MENU_ID, TEXT, TITLE, TYPE, VALUE, TARGET, OPTIONS, FUNCTION_ID, APP_ID ) VALUES ( 'DEMO010801', '主从表示例', null, '0', 'goodsquery_page_init.cmd', null, null, null, '' ); 
INSERT INTO pub_menu_sysitem(MENU_ID, TEXT, TITLE, TYPE, VALUE, TARGET, OPTIONS, FUNCTION_ID, APP_ID ) VALUES ( 'DEMO010802', '单表示例', null, '0', 'food.cmd?method=forupdate', null, null, null, '' ); 

INSERT INTO pub_menu_sys(MENU_SYS_ID, MENU_ID, TYPE_ID, MENU_ALIAS, PARENT_ID, SEQ, IS_LEAF ) VALUES ( 'DEMO0108', 'DEMO0108', '01', 'EditGrid分页示例', 'DEMO01', 7, '' );  
INSERT INTO pub_menu_sys(MENU_SYS_ID, MENU_ID, TYPE_ID, MENU_ALIAS, PARENT_ID, SEQ, IS_LEAF ) VALUES ( 'DEMO010801', 'DEMO010801', '01', '主从表示例', 'DEMO0108', 0, '' );  
INSERT INTO pub_menu_sys(MENU_SYS_ID, MENU_ID, TYPE_ID, MENU_ALIAS, PARENT_ID, SEQ, IS_LEAF ) VALUES ( 'DEMO010802', 'DEMO010802', '01', '单表示例', 'DEMO0108', 1, '' );  

INSERT INTO pub_functions(FUNCTION_ID, FUNCTION_CODE, FUNCTION_NAME, MODULE_ID, IS_SYS, DATA_RES_TYPE, SEQ ) VALUES ( 'webeditgrid', 'webeditgrid', 'EditGrid分页示例', 'DEMO01', '0', null, 0 );  

INSERT INTO pub_resources(RESOURCE_ID, RESOURCE_NAME, RESOURCE_ALIAS, URL_NAMES, SECURITY_LEVEL, FUNCTION_ID, IS_DEFAULT, IS_AUDIT, RES_TYPE_ID, SEQ ) VALUES ( 'webeditgrid01', '查询', '查询', 'goodsquery_page_init.cmd;foodquery_page_init.cmd;goods.cmd?method=querySearch&forward=forupdate;food.cmd?method=querySearch;goods.cmd?method=querySearch&forward=detail', 0, 'webeditgrid', '0', '0', '00', 0 ); 
INSERT INTO pub_resources(RESOURCE_ID, RESOURCE_NAME, RESOURCE_ALIAS, URL_NAMES, SECURITY_LEVEL, FUNCTION_ID, IS_DEFAULT, IS_AUDIT, RES_TYPE_ID, SEQ ) VALUES ( 'webeditgrid02', '增加', '增加', 'goods.cmd?method=forinsert;goods.cmd?method=saveandinsert;goods.cmd?method=insert;goods.cmd?method=insertContinue;goods.cmd?method=saveandquery;food.cmd?method=forinsert;food.cmd?method=insert;food.cmd?method=insertContinue;food.cmd?method=saveandquery', 0, 'webeditgrid', '0', '0', '00', 0 ); 
INSERT INTO pub_resources(RESOURCE_ID, RESOURCE_NAME, RESOURCE_ALIAS, URL_NAMES, SECURITY_LEVEL, FUNCTION_ID, IS_DEFAULT, IS_AUDIT, RES_TYPE_ID, SEQ ) VALUES ( 'webeditgrid03', '修改', '修改', 'goods.cmd?method=forupdate;goods.cmd?method=update;goods.cmd?method=saveandupdate;food.cmd?method=forupdate;food.cmd?method=update;food.cmd?method=querySearch&forward=forupdate;food.cmd?method=saveandupdate', 0, 'webeditgrid', '0', '0', '00', 0 ); 
INSERT INTO pub_resources(RESOURCE_ID, RESOURCE_NAME, RESOURCE_ALIAS, URL_NAMES, SECURITY_LEVEL, FUNCTION_ID, IS_DEFAULT, IS_AUDIT, RES_TYPE_ID, SEQ ) VALUES ( 'webeditgrid04', '删除', '删除', 'goods.cmd?method=delete;food.cmd?method=delete', 0, 'webeditgrid', '0', '0', '00', 0 ); 
INSERT INTO pub_resources(RESOURCE_ID, RESOURCE_NAME, RESOURCE_ALIAS, URL_NAMES, SECURITY_LEVEL, FUNCTION_ID, IS_DEFAULT, IS_AUDIT, RES_TYPE_ID, SEQ ) VALUES ( 'webeditgrid05', '明细', '明细', 'goods.cmd?method=detail;food.cmd?method=detail', 0, 'webeditgrid', '0', '0', '00', 0 ); 

INSERT INTO pub_role_resource(ROLE_ID, RESOURCE_ID ) VALUES ( 'SUPERADMIN', 'webeditgrid01' );
INSERT INTO pub_role_resource(ROLE_ID, RESOURCE_ID ) VALUES ( 'SUPERADMIN', 'webeditgrid02' );
INSERT INTO pub_role_resource(ROLE_ID, RESOURCE_ID ) VALUES ( 'SUPERADMIN', 'webeditgrid03' );
INSERT INTO pub_role_resource(ROLE_ID, RESOURCE_ID ) VALUES ( 'SUPERADMIN', 'webeditgrid04' );
INSERT INTO pub_role_resource(ROLE_ID, RESOURCE_ID ) VALUES ( 'SUPERADMIN', 'webeditgrid05' );

INSERT INTO pub_urls(URL_ID, URL_NAME, RESOURCE_ID, FUNCTION_ID, URL_NOTE ) VALUES ( 'webeditgrid0101', 'goodsquery_page_init.cmd', 'webeditgrid01', 'webeditgrid', null );
INSERT INTO pub_urls(URL_ID, URL_NAME, RESOURCE_ID, FUNCTION_ID, URL_NOTE ) VALUES ( 'webeditgrid0102', 'goods.cmd?method=querySearch', 'webeditgrid01', 'webeditgrid', null );
INSERT INTO pub_urls(URL_ID, URL_NAME, RESOURCE_ID, FUNCTION_ID, URL_NOTE ) VALUES ( 'webeditgrid0103', 'foodquery_page_init.cmd', 'webeditgrid01', 'webeditgrid', null );
INSERT INTO pub_urls(URL_ID, URL_NAME, RESOURCE_ID, FUNCTION_ID, URL_NOTE ) VALUES ( 'webeditgrid0104', 'food.cmd?method=querySearch', 'webeditgrid01', 'webeditgrid', null );
INSERT INTO pub_urls(URL_ID, URL_NAME, RESOURCE_ID, FUNCTION_ID, URL_NOTE ) VALUES ( 'webeditgrid0201', 'goods.cmd?method=forinsert', 'webeditgrid02', 'webeditgrid', null );
INSERT INTO pub_urls(URL_ID, URL_NAME, RESOURCE_ID, FUNCTION_ID, URL_NOTE ) VALUES ( 'webeditgrid0202', 'goods.cmd?method=saveandinsert', 'webeditgrid02', 'webeditgrid', null );
INSERT INTO pub_urls(URL_ID, URL_NAME, RESOURCE_ID, FUNCTION_ID, URL_NOTE ) VALUES ( 'webeditgrid0203', 'goods.cmd?method=insert', 'webeditgrid02', 'webeditgrid', null );
INSERT INTO pub_urls(URL_ID, URL_NAME, RESOURCE_ID, FUNCTION_ID, URL_NOTE ) VALUES ( 'webeditgrid0204', 'goods.cmd?method=insertContinue', 'webeditgrid02', 'webeditgrid', null );
INSERT INTO pub_urls(URL_ID, URL_NAME, RESOURCE_ID, FUNCTION_ID, URL_NOTE ) VALUES ( 'webeditgrid0205', 'goods.cmd?method=saveandquery', 'webeditgrid02', 'webeditgrid', null );
INSERT INTO pub_urls(URL_ID, URL_NAME, RESOURCE_ID, FUNCTION_ID, URL_NOTE ) VALUES ( 'webeditgrid0206', 'food.cmd?method=forinsert', 'webeditgrid02', 'webeditgrid', null );
INSERT INTO pub_urls(URL_ID, URL_NAME, RESOURCE_ID, FUNCTION_ID, URL_NOTE ) VALUES ( 'webeditgrid0207', 'food.cmd?method=insert', 'webeditgrid02', 'webeditgrid', null );
INSERT INTO pub_urls(URL_ID, URL_NAME, RESOURCE_ID, FUNCTION_ID, URL_NOTE ) VALUES ( 'webeditgrid0208', 'food.cmd?method=insertContinue', 'webeditgrid02', 'webeditgrid', null );
INSERT INTO pub_urls(URL_ID, URL_NAME, RESOURCE_ID, FUNCTION_ID, URL_NOTE ) VALUES ( 'webeditgrid0209', 'food.cmd?method=saveandquery', 'webeditgrid02', 'webeditgrid', null );
INSERT INTO pub_urls(URL_ID, URL_NAME, RESOURCE_ID, FUNCTION_ID, URL_NOTE ) VALUES ( 'webeditgrid0301', 'goods.cmd?method=forupdate', 'webeditgrid03', 'webeditgrid', null );
INSERT INTO pub_urls(URL_ID, URL_NAME, RESOURCE_ID, FUNCTION_ID, URL_NOTE ) VALUES ( 'webeditgrid0302', 'goods.cmd?method=update', 'webeditgrid03', 'webeditgrid', null );
INSERT INTO pub_urls(URL_ID, URL_NAME, RESOURCE_ID, FUNCTION_ID, URL_NOTE ) VALUES ( 'webeditgrid0303', 'goods.cmd?method=saveandupdate', 'webeditgrid03', 'webeditgrid', null );
INSERT INTO pub_urls(URL_ID, URL_NAME, RESOURCE_ID, FUNCTION_ID, URL_NOTE ) VALUES ( 'webeditgrid0304', 'food.cmd?method=forupdate', 'webeditgrid03', 'webeditgrid', null );
INSERT INTO pub_urls(URL_ID, URL_NAME, RESOURCE_ID, FUNCTION_ID, URL_NOTE ) VALUES ( 'webeditgrid0305', 'food.cmd?method=update', 'webeditgrid03', 'webeditgrid', null );
INSERT INTO pub_urls(URL_ID, URL_NAME, RESOURCE_ID, FUNCTION_ID, URL_NOTE ) VALUES ( 'webeditgrid0306', 'food.cmd?method=saveandupdate', 'webeditgrid03', 'webeditgrid', null );
INSERT INTO pub_urls(URL_ID, URL_NAME, RESOURCE_ID, FUNCTION_ID, URL_NOTE ) VALUES ( 'webeditgrid0401', 'goods.cmd?method=delete', 'webeditgrid04', 'webeditgrid', null );
INSERT INTO pub_urls(URL_ID, URL_NAME, RESOURCE_ID, FUNCTION_ID, URL_NOTE ) VALUES ( 'webeditgrid0402', 'food.cmd?method=delete', 'webeditgrid04', 'webeditgrid', null );
INSERT INTO pub_urls(URL_ID, URL_NAME, RESOURCE_ID, FUNCTION_ID, URL_NOTE ) VALUES ( 'webeditgrid0501', 'goods.cmd?method=detail', 'webeditgrid05', 'webeditgrid', null );
INSERT INTO pub_urls(URL_ID, URL_NAME, RESOURCE_ID, FUNCTION_ID, URL_NOTE ) VALUES ( 'webeditgrid0502', 'food.cmd?method=detail', 'webeditgrid05', 'webeditgrid', null );
