

--最大号表----------------------
INSERT INTO PUB_IDTABLE (ID_ID, ID_VALUE, ID_NAME, CACHE_SIZE, ID_PREFIX, IS_PREFIX, ID_LENGTH, IS_SUFFIX, ID_SUFFIX, IS_GLOBAL, ORGAN_ID) VALUES('MAIL_BLACKLIST',0,'MAIL_BLACKLIST',1,NULL,'0',20,'0',NULL,'1',NULL);
INSERT INTO PUB_IDTABLE (ID_ID, ID_VALUE, ID_NAME, CACHE_SIZE, ID_PREFIX, IS_PREFIX, ID_LENGTH, IS_SUFFIX, ID_SUFFIX, IS_GLOBAL, ORGAN_ID) VALUES('MAIL_ACCOUNT',0,'MAIL_ACCOUNT',1,NULL,'0',20,'0',NULL,'1',NULL);
INSERT INTO PUB_IDTABLE (ID_ID, ID_VALUE, ID_NAME, CACHE_SIZE, ID_PREFIX, IS_PREFIX, ID_LENGTH, IS_SUFFIX, ID_SUFFIX, IS_GLOBAL, ORGAN_ID) VALUES('MAIL_RESOURCE',0,'MAIL_RESOURCE',1,NULL,'0',20,'0',NULL,'1',NULL);
INSERT INTO PUB_IDTABLE (ID_ID, ID_VALUE, ID_NAME, CACHE_SIZE, ID_PREFIX, IS_PREFIX, ID_LENGTH, IS_SUFFIX, ID_SUFFIX, IS_GLOBAL, ORGAN_ID) VALUES('MAIL_ATTACHMENT_REF',0,'MAIL_ATTACHMENT_REF',1,NULL,'0',20,'0',NULL,'1',NULL);
INSERT INTO PUB_IDTABLE (ID_ID, ID_VALUE, ID_NAME, CACHE_SIZE, ID_PREFIX, IS_PREFIX, ID_LENGTH, IS_SUFFIX, ID_SUFFIX, IS_GLOBAL, ORGAN_ID) VALUES('MAIL_ADDRESS_CATEGORY',0,'MAIL_ADDRESS_CATEGORY',1,NULL,'0',20,'0',NULL,'1',NULL);
INSERT INTO PUB_IDTABLE (ID_ID, ID_VALUE, ID_NAME, CACHE_SIZE, ID_PREFIX, IS_PREFIX, ID_LENGTH, IS_SUFFIX, ID_SUFFIX, IS_GLOBAL, ORGAN_ID) VALUES('MAIL_ADDRESS',0,'MAIL_ADDRESS',1,NULL,'0',20,'0',NULL,'1',NULL);
INSERT INTO PUB_IDTABLE (ID_ID, ID_VALUE, ID_NAME, CACHE_SIZE, ID_PREFIX, IS_PREFIX, ID_LENGTH, IS_SUFFIX, ID_SUFFIX, IS_GLOBAL, ORGAN_ID) VALUES('MAIL_ADDRESS_REF',0,'MAIL_ADDRESS_REF',1,NULL,'0',20,'0',NULL,'1',NULL);

	
--新菜单-------------------------------------
INSERT INTO PUB_MENU_SYSITEM(MENU_ID,TEXT,TITLE,TYPE,VALUE,TARGET,OPTIONS,FUNCTION_ID) VALUES (
	'DEMO02',
	'邮件',
	NULL,
	'0',
	NULL,
	NULL,
	NULL,NULL);
INSERT INTO PUB_MENU_SYSITEM(MENU_ID,TEXT,TITLE,TYPE,VALUE,TARGET,OPTIONS,FUNCTION_ID) VALUES (
	'DEMO0201',
	'未读邮件',
	NULL,
	'0',
	'inboxmailquery.cmd?mailType=0&mailStatus=0',
	NULL,
	NULL,NULL);
INSERT INTO PUB_MENU_SYSITEM(MENU_ID,TEXT,TITLE,TYPE,VALUE,TARGET,OPTIONS,FUNCTION_ID) VALUES (
	'DEMO0202',
	'我的邮箱',
	NULL,
	'0',
	'mailstatusquery.cmd',
	NULL,
	NULL,NULL);
INSERT INTO PUB_MENU_SYSITEM(MENU_ID,TEXT,TITLE,TYPE,VALUE,TARGET,OPTIONS,FUNCTION_ID) VALUES (
	'DEMO0203',
	'新建邮件',
	NULL,
	'0',
	'mailresource.cmd?method=forinsert',
	NULL,
	NULL,NULL);
INSERT INTO PUB_MENU_SYSITEM(MENU_ID,TEXT,TITLE,TYPE,VALUE,TARGET,OPTIONS,FUNCTION_ID) VALUES (
	'DEMO0204',
	'文件夹',
	NULL,
	'0',
	'mailfoldertree.cmd?method=getServerType',
	'_tree',
	NULL,NULL);
INSERT INTO PUB_MENU_SYSITEM(MENU_ID,TEXT,TITLE,TYPE,VALUE,TARGET,OPTIONS,FUNCTION_ID) VALUES (
	'DEMO0205',
	'配置',
	NULL,
	'0',
	NULL,
	NULL,
	NULL,NULL);
INSERT INTO PUB_MENU_SYSITEM(MENU_ID,TEXT,TITLE,TYPE,VALUE,TARGET,OPTIONS,FUNCTION_ID) VALUES (
	'DEMO020501',
	'邮箱设置',
	NULL,
	'0',
	'mailaccount.cmd?method=forupdate',
	NULL,
	NULL,NULL);
INSERT INTO PUB_MENU_SYSITEM(MENU_ID,TEXT,TITLE,TYPE,VALUE,TARGET,OPTIONS,FUNCTION_ID) VALUES (
	'DEMO020502',
	'个人地址本',
	NULL,
	'0',
	'mailaddresscategory.cmd?method=gettreeroot',
	'_tree',
	NULL,NULL);
INSERT INTO PUB_MENU_SYSITEM(MENU_ID,TEXT,TITLE,TYPE,VALUE,TARGET,OPTIONS,FUNCTION_ID) VALUES (
	'DEMO020503',
	'黑名单维护',
	NULL,
	'0',
	'mailblacklistquery.cmd',
	NULL,
	NULL,NULL);
INSERT INTO PUB_MENU_SYSITEM(MENU_ID,TEXT,TITLE,TYPE,VALUE,TARGET,OPTIONS,FUNCTION_ID) VALUES (
	'DEMO0206',
	'查询邮件',
	NULL,
	'0',
	'mailresourcegeneryquery.cmd?mailType=-1',
	NULL,
	NULL,NULL);
INSERT INTO PUB_MENU_SYSITEM(MENU_ID,TEXT,TITLE,TYPE,VALUE,TARGET,OPTIONS,FUNCTION_ID) VALUES (
	'DEMO0207',
	'查询联系人',
	NULL,
	'0',
	'mailaccountgeneryquery.cmd',
	NULL,
	NULL,NULL);
INSERT INTO PUB_MENU_SYSITEM(MENU_ID,TEXT,TITLE,TYPE,VALUE,TARGET,OPTIONS,FUNCTION_ID) VALUES (
	'DEMO020504',
	'默认邮箱信息',
	NULL,
	'0',
	'defmailconfig.cmd?method=forupdate',
	NULL,
	NULL,NULL);
	
	
INSERT INTO PUB_MENU_SYS(MENU_SYS_ID,MENU_ID,TYPE_ID,MENU_ALIAS,PARENT_ID,SEQ,IS_LEAF) VALUES(
	'DEMO02',
	'DEMO02',
	'01',
	'邮件',
	'DEMO',
	1,
	'0'
);
INSERT INTO PUB_MENU_SYS(MENU_SYS_ID,MENU_ID,TYPE_ID,MENU_ALIAS,PARENT_ID,SEQ,IS_LEAF) VALUES(
	'DEMO0201',
	'DEMO0201',
	'01',
	'未读邮件',
	'DEMO02',
	0,
	'0'
);
INSERT INTO PUB_MENU_SYS(MENU_SYS_ID,MENU_ID,TYPE_ID,MENU_ALIAS,PARENT_ID,SEQ,IS_LEAF) VALUES(
	'DEMO0202',
	'DEMO0202',
	'01',
	'我的邮箱',
	'DEMO02',
	0,
	'0'
);
INSERT INTO PUB_MENU_SYS(MENU_SYS_ID,MENU_ID,TYPE_ID,MENU_ALIAS,PARENT_ID,SEQ,IS_LEAF) VALUES(
	'DEMO0203',
	'DEMO0203',
	'01',
	'新建邮件',
	'DEMO02',
	0,
	'0'
);
INSERT INTO PUB_MENU_SYS(MENU_SYS_ID,MENU_ID,TYPE_ID,MENU_ALIAS,PARENT_ID,SEQ,IS_LEAF) VALUES(
	'DEMO0204',
	'DEMO0204',
	'01',
	'文件夹',
	'DEMO02',
	0,
	'0'
);
INSERT INTO PUB_MENU_SYS(MENU_SYS_ID,MENU_ID,TYPE_ID,MENU_ALIAS,PARENT_ID,SEQ,IS_LEAF) VALUES(
	'DEMO0205',
	'DEMO0205',
	'01',
	'配置',
	'DEMO02',
	0,
	'0'
);
INSERT INTO PUB_MENU_SYS(MENU_SYS_ID,MENU_ID,TYPE_ID,MENU_ALIAS,PARENT_ID,SEQ,IS_LEAF) VALUES(
	'DEMO020501',
	'DEMO020501',
	'01',
	'邮箱设置',
	'DEMO0205',
	0,
	'0'
);
INSERT INTO PUB_MENU_SYS(MENU_SYS_ID,MENU_ID,TYPE_ID,MENU_ALIAS,PARENT_ID,SEQ,IS_LEAF) VALUES(
	'DEMO020502',
	'DEMO020502',
	'01',
	'个人地址本',
	'DEMO0205',
	0,
	'0'
);
INSERT INTO PUB_MENU_SYS(MENU_SYS_ID,MENU_ID,TYPE_ID,MENU_ALIAS,PARENT_ID,SEQ,IS_LEAF) VALUES(
	'DEMO020503',
	'DEMO020503',
	'01',
	'黑名单维护',
	'DEMO0205',
	0,
	'0'
);
INSERT INTO PUB_MENU_SYS(MENU_SYS_ID,MENU_ID,TYPE_ID,MENU_ALIAS,PARENT_ID,SEQ,IS_LEAF) VALUES(
	'DEMO0206',
	'DEMO0206',
	'01',
	'查询邮件',
	'DEMO02',
	0,
	'0'
);
INSERT INTO PUB_MENU_SYS(MENU_SYS_ID,MENU_ID,TYPE_ID,MENU_ALIAS,PARENT_ID,SEQ,IS_LEAF) VALUES(
	'DEMO0207',
	'DEMO0207',
	'01',
	'查询联系人',
	'DEMO02',
	0,
	'0'
);
INSERT INTO PUB_MENU_SYS(MENU_SYS_ID,MENU_ID,TYPE_ID,MENU_ALIAS,PARENT_ID,SEQ,IS_LEAF) VALUES(
	'DEMO020504',
	'DEMO020504',
	'01',
	'默认邮箱信息',
	'DEMO0205',
	0,
	'0'
);	


-----功能资源-----------------
INSERT INTO  PUB_MODULES(MODULE_ID, MODULE_NAME, PARENT_MODULE_ID, IS_LEAF, SEQ ) VALUES ( 'DEMO02', '邮件', 'DEMO', '1', 1 );

INSERT INTO  PUB_FUNCTIONS(FUNCTION_ID, FUNCTION_CODE, FUNCTION_NAME, MODULE_ID, IS_SYS, DATA_RES_TYPE, SEQ ) VALUES ( 'DEMO0201', 'DEMO0201', '未读邮件', 'DEMO02', '0', null, null );
INSERT INTO  PUB_FUNCTIONS(FUNCTION_ID, FUNCTION_CODE, FUNCTION_NAME, MODULE_ID, IS_SYS, DATA_RES_TYPE, SEQ ) VALUES ( 'DEMO0202', 'DEMO0202', '我的邮箱', 'DEMO02', '0', null, null );
INSERT INTO  PUB_FUNCTIONS(FUNCTION_ID, FUNCTION_CODE, FUNCTION_NAME, MODULE_ID, IS_SYS, DATA_RES_TYPE, SEQ ) VALUES ( 'DEMO0203', 'DEMO0203', '新建邮件', 'DEMO02', '0', null, null );
INSERT INTO  PUB_FUNCTIONS(FUNCTION_ID, FUNCTION_CODE, FUNCTION_NAME, MODULE_ID, IS_SYS, DATA_RES_TYPE, SEQ ) VALUES ( 'DEMO0204', 'DEMO0204', '文件夹', 'DEMO02', '0', null, null );
INSERT INTO  PUB_FUNCTIONS(FUNCTION_ID, FUNCTION_CODE, FUNCTION_NAME, MODULE_ID, IS_SYS, DATA_RES_TYPE, SEQ ) VALUES ( 'DEMO0205', 'DEMO0205', '查询邮件', 'DEMO02', '0', null, null );
INSERT INTO  PUB_FUNCTIONS(FUNCTION_ID, FUNCTION_CODE, FUNCTION_NAME, MODULE_ID, IS_SYS, DATA_RES_TYPE, SEQ ) VALUES ( 'DEMO0206', 'DEMO0206', '查询联系人', 'DEMO02', '0', null, null );
INSERT INTO  PUB_FUNCTIONS(FUNCTION_ID, FUNCTION_CODE, FUNCTION_NAME, MODULE_ID, IS_SYS, DATA_RES_TYPE, SEQ ) VALUES ( 'DEMO0207', 'DEMO0207', '邮箱设置', 'DEMO02', '0', null, null );
INSERT INTO  PUB_FUNCTIONS(FUNCTION_ID, FUNCTION_CODE, FUNCTION_NAME, MODULE_ID, IS_SYS, DATA_RES_TYPE, SEQ ) VALUES ( 'DEMO0208', 'DEMO0208', '个人地址本', 'DEMO02', '0', null, null );
INSERT INTO  PUB_FUNCTIONS(FUNCTION_ID, FUNCTION_CODE, FUNCTION_NAME, MODULE_ID, IS_SYS, DATA_RES_TYPE, SEQ ) VALUES ( 'DEMO0209', 'DEMO0209', '黑名单维护', 'DEMO02', '0', null, null );
INSERT INTO  PUB_FUNCTIONS(FUNCTION_ID, FUNCTION_CODE, FUNCTION_NAME, MODULE_ID, IS_SYS, DATA_RES_TYPE, SEQ ) VALUES ( 'DEMO0210', 'DEMO0210', '默认邮箱信息', 'DEMO02', '0', null, null );

INSERT INTO  PUB_RESOURCES(RESOURCE_ID, RESOURCE_NAME, RESOURCE_ALIAS, URL_NAMES, SECURITY_LEVEL, FUNCTION_ID, IS_DEFAULT, IS_AUDIT, RES_TYPE_ID, SEQ ) VALUES ( 'DEMO020101', '未读邮件', '未读邮件', 'inboxmailquery.cmd;mailfolder.cmd;mailblacklist.cmd;doccontent.cmd', 0, 'DEMO0201', '1', '0', '00', null );
INSERT INTO  PUB_RESOURCES(RESOURCE_ID, RESOURCE_NAME, RESOURCE_ALIAS, URL_NAMES, SECURITY_LEVEL, FUNCTION_ID, IS_DEFAULT, IS_AUDIT, RES_TYPE_ID, SEQ ) VALUES ( 'DEMO020201', '我的邮箱', '我的邮箱', 'mailstatusquery.cmd;sendmailquery.cmd;alreadysendmailquery.cmd;draftmailquery.cmd;garbagemailquery.cmd', 0, 'DEMO0202', '1', '0', '00', null );
INSERT INTO  PUB_RESOURCES(RESOURCE_ID, RESOURCE_NAME, RESOURCE_ALIAS, URL_NAMES, SECURITY_LEVEL, FUNCTION_ID, IS_DEFAULT, IS_AUDIT, RES_TYPE_ID, SEQ ) VALUES ( 'DEMO020301', '新建邮件', '新建邮件', 'mailresource.cmd;mailaddress.cmd', 0, 'DEMO0203', '1', '0', '00', null );
INSERT INTO  PUB_RESOURCES(RESOURCE_ID, RESOURCE_NAME, RESOURCE_ALIAS, URL_NAMES, SECURITY_LEVEL, FUNCTION_ID, IS_DEFAULT, IS_AUDIT, RES_TYPE_ID, SEQ ) VALUES ( 'DEMO020401', '文件夹', '文件夹', 'mailfoldertree.cmd;custommailquery.cmd', 0, 'DEMO0204', '1', '0', '00', null );
INSERT INTO  PUB_RESOURCES(RESOURCE_ID, RESOURCE_NAME, RESOURCE_ALIAS, URL_NAMES, SECURITY_LEVEL, FUNCTION_ID, IS_DEFAULT, IS_AUDIT, RES_TYPE_ID, SEQ ) VALUES ( 'DEMO020501', '查询邮件', '查询邮件', 'mailresourcegeneryquery.cmd', 0, 'DEMO0205', '1', '0', '00', null );
INSERT INTO  PUB_RESOURCES(RESOURCE_ID, RESOURCE_NAME, RESOURCE_ALIAS, URL_NAMES, SECURITY_LEVEL, FUNCTION_ID, IS_DEFAULT, IS_AUDIT, RES_TYPE_ID, SEQ ) VALUES ( 'DEMO020601', '查询联系人', '查询联系人', 'mailaccountgeneryquery.cmd', 0, 'DEMO0206', '1', '0', '00', null );
INSERT INTO  PUB_RESOURCES(RESOURCE_ID, RESOURCE_NAME, RESOURCE_ALIAS, URL_NAMES, SECURITY_LEVEL, FUNCTION_ID, IS_DEFAULT, IS_AUDIT, RES_TYPE_ID, SEQ ) VALUES ( 'DEMO020701', '邮箱设置', '邮箱设置', 'mailaccount.cmd', 0, 'DEMO0207', '1', '0', '00', null );
INSERT INTO  PUB_RESOURCES(RESOURCE_ID, RESOURCE_NAME, RESOURCE_ALIAS, URL_NAMES, SECURITY_LEVEL, FUNCTION_ID, IS_DEFAULT, IS_AUDIT, RES_TYPE_ID, SEQ ) VALUES ( 'DEMO020801', '个人地址本', '个人地址本', 'mailaddresscategory.cmd', 0, 'DEMO0208', '1', '0', '00', null );
INSERT INTO  PUB_RESOURCES(RESOURCE_ID, RESOURCE_NAME, RESOURCE_ALIAS, URL_NAMES, SECURITY_LEVEL, FUNCTION_ID, IS_DEFAULT, IS_AUDIT, RES_TYPE_ID, SEQ ) VALUES ( 'DEMO020901', '黑名单维护', '黑名单维护', 'mailblacklistquery.cmd', 0, 'DEMO0209', '1', '0', '00', null );
INSERT INTO  PUB_RESOURCES(RESOURCE_ID, RESOURCE_NAME, RESOURCE_ALIAS, URL_NAMES, SECURITY_LEVEL, FUNCTION_ID, IS_DEFAULT, IS_AUDIT, RES_TYPE_ID, SEQ ) VALUES ( 'DEMO021001', '默认邮箱信息', '默认邮箱信息', 'defmailconfig.cmd', 0, 'DEMO0210', '1', '0', '00', null );

-----角色资源对应   初始化数据库的时候一下部分不必执行-----------------
INSERT INTO PUB_ROLE_RESOURCE VALUES('SUPERADMIN','DEMO020101');
INSERT INTO PUB_ROLE_RESOURCE VALUES('SUPERADMIN','DEMO020201');
INSERT INTO PUB_ROLE_RESOURCE VALUES('SUPERADMIN','DEMO020301');
INSERT INTO PUB_ROLE_RESOURCE VALUES('SUPERADMIN','DEMO020401');
INSERT INTO PUB_ROLE_RESOURCE VALUES('SUPERADMIN','DEMO020501');
INSERT INTO PUB_ROLE_RESOURCE VALUES('SUPERADMIN','DEMO020601');
INSERT INTO PUB_ROLE_RESOURCE VALUES('SUPERADMIN','DEMO020701');
INSERT INTO PUB_ROLE_RESOURCE VALUES('SUPERADMIN','DEMO020801');
INSERT INTO PUB_ROLE_RESOURCE VALUES('SUPERADMIN','DEMO020901');
INSERT INTO PUB_ROLE_RESOURCE VALUES('SUPERADMIN','DEMO021001');
INSERT INTO PUB_ROLE_RESOURCE VALUES('GPUBLIC','DEMO020101');

INSERT INTO  PUB_URLS(URL_ID, URL_NAME, RESOURCE_ID, FUNCTION_ID, URL_NOTE ) VALUES ( 'DEMO02010101', 'inboxmailquery.cmd', 'DEMO020101', 'DEMO0201', 'null' );
INSERT INTO  PUB_URLS(URL_ID, URL_NAME, RESOURCE_ID, FUNCTION_ID, URL_NOTE ) VALUES ( 'DEMO02010102', 'mailfolder.cmd?method=getNewMessageCount', 'DEMO020101', 'DEMO0201', 'null' );
INSERT INTO  PUB_URLS(URL_ID, URL_NAME, RESOURCE_ID, FUNCTION_ID, URL_NOTE ) VALUES ( 'DEMO02010103', 'mailblacklist.cmd?method=forinsert', 'DEMO020101', 'DEMO0201', 'null' );
INSERT INTO  PUB_URLS(URL_ID, URL_NAME, RESOURCE_ID, FUNCTION_ID, URL_NOTE ) VALUES ( 'DEMO02010104', 'mailfolder.cmd?method=getMailInfo', 'DEMO020101', 'DEMO0201', 'null' );
INSERT INTO  PUB_URLS(URL_ID, URL_NAME, RESOURCE_ID, FUNCTION_ID, URL_NOTE ) VALUES ( 'DEMO02010105', 'mailblacklist.cmd?method=insertForBlackList', 'DEMO020101', 'DEMO0201', 'null' );
INSERT INTO  PUB_URLS(URL_ID, URL_NAME, RESOURCE_ID, FUNCTION_ID, URL_NOTE ) VALUES ( 'DEMO02010106', 'mailblacklist.cmd?method=delete', 'DEMO020101', 'DEMO0201', 'null' );
INSERT INTO  PUB_URLS(URL_ID, URL_NAME, RESOURCE_ID, FUNCTION_ID, URL_NOTE ) VALUES ( 'DEMO02010107', 'mailblacklist.cmd?method=insert', 'DEMO020101', 'DEMO0201', 'null' );
INSERT INTO  PUB_URLS(URL_ID, URL_NAME, RESOURCE_ID, FUNCTION_ID, URL_NOTE ) VALUES ( 'DEMO02010108', 'doccontent.cmd?method=detail', 'DEMO020101', 'DEMO0201', 'null' );

INSERT INTO  PUB_URLS(URL_ID, URL_NAME, RESOURCE_ID, FUNCTION_ID, URL_NOTE ) VALUES ( 'DEMO02020101', 'mailstatusquery.cmd', 'DEMO020201', 'DEMO0202', 'null' );
INSERT INTO  PUB_URLS(URL_ID, URL_NAME, RESOURCE_ID, FUNCTION_ID, URL_NOTE ) VALUES ( 'DEMO02020102', 'sendmailquery.cmd', 'DEMO020201', 'DEMO0202', 'null' );
INSERT INTO  PUB_URLS(URL_ID, URL_NAME, RESOURCE_ID, FUNCTION_ID, URL_NOTE ) VALUES ( 'DEMO02020103', 'alreadysendmailquery.cmd', 'DEMO020201', 'DEMO0202', 'null' );
INSERT INTO  PUB_URLS(URL_ID, URL_NAME, RESOURCE_ID, FUNCTION_ID, URL_NOTE ) VALUES ( 'DEMO02020104', 'draftmailquery.cmd', 'DEMO020201', 'DEMO0202', 'null' );
INSERT INTO  PUB_URLS(URL_ID, URL_NAME, RESOURCE_ID, FUNCTION_ID, URL_NOTE ) VALUES ( 'DEMO02020105', 'garbagemailquery.cmd', 'DEMO020201', 'DEMO0202', 'null' );

INSERT INTO  PUB_URLS(URL_ID, URL_NAME, RESOURCE_ID, FUNCTION_ID, URL_NOTE ) VALUES ( 'DEMO02030101', 'mailresource.cmd?method=sendDraft', 'DEMO020301', 'DEMO0203', 'null' );
INSERT INTO  PUB_URLS(URL_ID, URL_NAME, RESOURCE_ID, FUNCTION_ID, URL_NOTE ) VALUES ( 'DEMO02030102', 'mailresource.cmd?method=updateDraft', 'DEMO020301', 'DEMO0203', 'null' );
INSERT INTO  PUB_URLS(URL_ID, URL_NAME, RESOURCE_ID, FUNCTION_ID, URL_NOTE ) VALUES ( 'DEMO02030103', 'mailresource.cmd?method=deleteDetail', 'DEMO020301', 'DEMO0203', 'null' );
INSERT INTO  PUB_URLS(URL_ID, URL_NAME, RESOURCE_ID, FUNCTION_ID, URL_NOTE ) VALUES ( 'DEMO02030104', 'mailresource.cmd?method=forback', 'DEMO020301', 'DEMO0203', 'null' );
INSERT INTO  PUB_URLS(URL_ID, URL_NAME, RESOURCE_ID, FUNCTION_ID, URL_NOTE ) VALUES ( 'DEMO02030105', 'mailaddress.cmd?method=gettreeroot_category_card', 'DEMO020301', 'DEMO0203', 'null' );
INSERT INTO  PUB_URLS(URL_ID, URL_NAME, RESOURCE_ID, FUNCTION_ID, URL_NOTE ) VALUES ( 'DEMO02030106', 'mailresource.cmd?method=saveBack', 'DEMO020301', 'DEMO0203', 'null' );
INSERT INTO  PUB_URLS(URL_ID, URL_NAME, RESOURCE_ID, FUNCTION_ID, URL_NOTE ) VALUES ( 'DEMO02030107', 'mailresource.cmd?method=sendBack', 'DEMO020301', 'DEMO0203', 'null' );
INSERT INTO  PUB_URLS(URL_ID, URL_NAME, RESOURCE_ID, FUNCTION_ID, URL_NOTE ) VALUES ( 'DEMO02030108', 'mailresource.cmd?method=fortransmit', 'DEMO020301', 'DEMO0203', 'null' );
INSERT INTO  PUB_URLS(URL_ID, URL_NAME, RESOURCE_ID, FUNCTION_ID, URL_NOTE ) VALUES ( 'DEMO02030109', 'mailaddress.cmd?method=forInboxCardInsert', 'DEMO020301', 'DEMO0203', 'null' );
INSERT INTO  PUB_URLS(URL_ID, URL_NAME, RESOURCE_ID, FUNCTION_ID, URL_NOTE ) VALUES ( 'DEMO02030110', 'mailresource.cmd?method=delete', 'DEMO020301', 'DEMO0203', 'null' );
INSERT INTO  PUB_URLS(URL_ID, URL_NAME, RESOURCE_ID, FUNCTION_ID, URL_NOTE ) VALUES ( 'DEMO02030111', 'mailresource.cmd?method=thoroughDelete', 'DEMO020301', 'DEMO0203', 'null' );
INSERT INTO  PUB_URLS(URL_ID, URL_NAME, RESOURCE_ID, FUNCTION_ID, URL_NOTE ) VALUES ( 'DEMO02030112', 'mailresource.cmd?method=saveTransmit', 'DEMO020301', 'DEMO0203', 'null' );
INSERT INTO  PUB_URLS(URL_ID, URL_NAME, RESOURCE_ID, FUNCTION_ID, URL_NOTE ) VALUES ( 'DEMO02030113', 'mailresource.cmd?method=sendTransmit', 'DEMO020301', 'DEMO0203', 'null' );
INSERT INTO  PUB_URLS(URL_ID, URL_NAME, RESOURCE_ID, FUNCTION_ID, URL_NOTE ) VALUES ( 'DEMO02030114', 'mailaddress.cmd?method=gettreebranch_category_card2', 'DEMO020301', 'DEMO0203', 'null' );
INSERT INTO  PUB_URLS(URL_ID, URL_NAME, RESOURCE_ID, FUNCTION_ID, URL_NOTE ) VALUES ( 'DEMO02030115', 'mailaddress.cmd?method=inboxCardInsert', 'DEMO020301', 'DEMO0203', 'null' );
INSERT INTO  PUB_URLS(URL_ID, URL_NAME, RESOURCE_ID, FUNCTION_ID, URL_NOTE ) VALUES ( 'DEMO02030116', 'mailresource.cmd?method=sendMail', 'DEMO020301', 'DEMO0203', 'null' );
INSERT INTO  PUB_URLS(URL_ID, URL_NAME, RESOURCE_ID, FUNCTION_ID, URL_NOTE ) VALUES ( 'DEMO02030117', 'mailresource.cmd?method=detail', 'DEMO020301', 'DEMO0203', 'null' );
INSERT INTO  PUB_URLS(URL_ID, URL_NAME, RESOURCE_ID, FUNCTION_ID, URL_NOTE ) VALUES ( 'DEMO02030118', 'mailresource.cmd?method=forinsertAddrss', 'DEMO020301', 'DEMO0203', 'null' );
INSERT INTO  PUB_URLS(URL_ID, URL_NAME, RESOURCE_ID, FUNCTION_ID, URL_NOTE ) VALUES ( 'DEMO02030119', 'mailaddress.cmd?method=forupdate', 'DEMO020301', 'DEMO0203', 'null' );
INSERT INTO  PUB_URLS(URL_ID, URL_NAME, RESOURCE_ID, FUNCTION_ID, URL_NOTE ) VALUES ( 'DEMO02030120', 'mailresource.cmd?method=saveDraft', 'DEMO020301', 'DEMO0203', 'null' );
INSERT INTO  PUB_URLS(URL_ID, URL_NAME, RESOURCE_ID, FUNCTION_ID, URL_NOTE ) VALUES ( 'DEMO02030121', 'mailaddress.cmd?method=update', 'DEMO020301', 'DEMO0203', 'null' );
INSERT INTO  PUB_URLS(URL_ID, URL_NAME, RESOURCE_ID, FUNCTION_ID, URL_NOTE ) VALUES ( 'DEMO02030122', 'mailresource.cmd?method=forinsert', 'DEMO020301', 'DEMO0203', 'null' );
INSERT INTO  PUB_URLS(URL_ID, URL_NAME, RESOURCE_ID, FUNCTION_ID, URL_NOTE ) VALUES ( 'DEMO02030123', 'mailresource.cmd?method=forupdate', 'DEMO020301', 'DEMO0203', 'null' );
INSERT INTO  PUB_URLS(URL_ID, URL_NAME, RESOURCE_ID, FUNCTION_ID, URL_NOTE ) VALUES ( 'DEMO02030124', 'mailaddress.cmd?method=gettreebranch', 'DEMO020301', 'DEMO0203', 'null' );
INSERT INTO  PUB_URLS(URL_ID, URL_NAME, RESOURCE_ID, FUNCTION_ID, URL_NOTE ) VALUES ( 'DEMO02030125', 'mailaddress.cmd?method=forinsert', 'DEMO020301', 'DEMO0203', 'null' );
INSERT INTO  PUB_URLS(URL_ID, URL_NAME, RESOURCE_ID, FUNCTION_ID, URL_NOTE ) VALUES ( 'DEMO02030126', 'mailaddress.cmd?method=detail', 'DEMO020301', 'DEMO0203', 'null' );
INSERT INTO  PUB_URLS(URL_ID, URL_NAME, RESOURCE_ID, FUNCTION_ID, URL_NOTE ) VALUES ( 'DEMO02030127', 'mailaddress.cmd?method=insert', 'DEMO020301', 'DEMO0203', 'null' );
INSERT INTO  PUB_URLS(URL_ID, URL_NAME, RESOURCE_ID, FUNCTION_ID, URL_NOTE ) VALUES ( 'DEMO02030128', 'mailaddress.cmd?method=impOrgToTeamRoot', 'DEMO020301', 'DEMO0203', 'null' );
INSERT INTO  PUB_URLS(URL_ID, URL_NAME, RESOURCE_ID, FUNCTION_ID, URL_NOTE ) VALUES ( 'DEMO02030129', 'mailaddress.cmd?method=gettreebranch_category_card', 'DEMO020301', 'DEMO0203', 'null' );
INSERT INTO  PUB_URLS(URL_ID, URL_NAME, RESOURCE_ID, FUNCTION_ID, URL_NOTE ) VALUES ( 'DEMO02030130', 'mailaddress.cmd?method=impOrgToTeamNode', 'DEMO020301', 'DEMO0203', 'null' );
INSERT INTO  PUB_URLS(URL_ID, URL_NAME, RESOURCE_ID, FUNCTION_ID, URL_NOTE ) VALUES ( 'DEMO02030131', 'mailaddress.cmd?method=forInsertOrganToMailAddressGroup', 'DEMO020301', 'DEMO0203', 'null' );
INSERT INTO  PUB_URLS(URL_ID, URL_NAME, RESOURCE_ID, FUNCTION_ID, URL_NOTE ) VALUES ( 'DEMO02030132', 'mailaddress.cmd?method=insertOrganToMailAddressGroup', 'DEMO020301', 'DEMO0203', 'null' );
INSERT INTO  PUB_URLS(URL_ID, URL_NAME, RESOURCE_ID, FUNCTION_ID, URL_NOTE ) VALUES ( 'DEMO02030133', 'mailaddress.cmd?method=delete', 'DEMO020301', 'DEMO0203', 'null' );
INSERT INTO  PUB_URLS(URL_ID, URL_NAME, RESOURCE_ID, FUNCTION_ID, URL_NOTE ) VALUES ( 'DEMO02030134', 'mailresource.cmd?method=thoroughDeleteDetail', 'DEMO020301', 'DEMO0203', 'null' );
INSERT INTO  PUB_URLS(URL_ID, URL_NAME, RESOURCE_ID, FUNCTION_ID, URL_NOTE ) VALUES ( 'DEMO02030135', 'mailaddress.cmd?method=forInsertCardInGroup', 'DEMO020301', 'DEMO0203', 'null' );
INSERT INTO  PUB_URLS(URL_ID, URL_NAME, RESOURCE_ID, FUNCTION_ID, URL_NOTE ) VALUES ( 'DEMO02030136', 'mailaddress.cmd?method=insertCardInGroup', 'DEMO020301', 'DEMO0203', 'null' );
INSERT INTO  PUB_URLS(URL_ID, URL_NAME, RESOURCE_ID, FUNCTION_ID, URL_NOTE ) VALUES ( 'DEMO02030137', 'mailaddress.cmd?method=getPersonAddressRoot', 'DEMO020301', 'DEMO0203', 'null' );
INSERT INTO  PUB_URLS(URL_ID, URL_NAME, RESOURCE_ID, FUNCTION_ID, URL_NOTE ) VALUES ( 'DEMO02030138', 'mailaddress.cmd?method=getEmpRoot', 'DEMO020301', 'DEMO0203', 'null' );
INSERT INTO  PUB_URLS(URL_ID, URL_NAME, RESOURCE_ID, FUNCTION_ID, URL_NOTE ) VALUES ( 'DEMO02030139', 'mailaddress.cmd?method=getChoiceNode', 'DEMO020301', 'DEMO0203', 'null' );
INSERT INTO  PUB_URLS(URL_ID, URL_NAME, RESOURCE_ID, FUNCTION_ID, URL_NOTE ) VALUES ( 'DEMO02030140', 'mailaddress.cmd?method=addressMain','DEMO020301','DEMO0203','null');
INSERT INTO  PUB_URLS(URL_ID, URL_NAME, RESOURCE_ID, FUNCTION_ID, URL_NOTE ) VALUES ( 'DEMO02030141', 'mailaddress.cmd?method=getPersonAddressNode','DEMO020301','DEMO0203','null');

INSERT INTO  PUB_URLS(URL_ID, URL_NAME, RESOURCE_ID, FUNCTION_ID, URL_NOTE ) VALUES ( 'DEMO02040101', 'mailfoldertree.cmd?method=getServerType', 'DEMO020401', 'DEMO0204', 'null' );
INSERT INTO  PUB_URLS(URL_ID, URL_NAME, RESOURCE_ID, FUNCTION_ID, URL_NOTE ) VALUES ( 'DEMO02040102', 'custommailquery.cmd', 'DEMO020401', 'DEMO0204', 'null' );

INSERT INTO  PUB_URLS(URL_ID, URL_NAME, RESOURCE_ID, FUNCTION_ID, URL_NOTE ) VALUES ( 'DEMO02050101', 'mailresourcegeneryquery.cmd', 'DEMO020501', 'DEMO0205', 'null' );

INSERT INTO  PUB_URLS(URL_ID, URL_NAME, RESOURCE_ID, FUNCTION_ID, URL_NOTE ) VALUES ( 'DEMO02060101', 'mailaccountgeneryquery.cmd', 'DEMO020601', 'DEMO0206', 'null' );

INSERT INTO  PUB_URLS(URL_ID, URL_NAME, RESOURCE_ID, FUNCTION_ID, URL_NOTE ) VALUES ( 'DEMO02070101', 'mailaccount.cmd?method=forupdate', 'DEMO020701', 'DEMO0207', 'null' );
INSERT INTO  PUB_URLS(URL_ID, URL_NAME, RESOURCE_ID, FUNCTION_ID, URL_NOTE ) VALUES ( 'DEMO02070102', 'mailaccount.cmd?method=verify', 'DEMO020701', 'DEMO0207', 'null' );
INSERT INTO  PUB_URLS(URL_ID, URL_NAME, RESOURCE_ID, FUNCTION_ID, URL_NOTE ) VALUES ( 'DEMO02070103', 'mailaccount.cmd?method=update', 'DEMO020701', 'DEMO0207', 'null' );

INSERT INTO  PUB_URLS(URL_ID, URL_NAME, RESOURCE_ID, FUNCTION_ID, URL_NOTE ) VALUES ( 'DEMO02080101', 'mailaddresscategory.cmd?method=gettreeparent', 'DEMO020801', 'DEMO0208', 'null' );
INSERT INTO  PUB_URLS(URL_ID, URL_NAME, RESOURCE_ID, FUNCTION_ID, URL_NOTE ) VALUES ( 'DEMO02080102', 'mailaddresscategory.cmd?method=gettreeroot', 'DEMO020801', 'DEMO0208', 'null' );
INSERT INTO  PUB_URLS(URL_ID, URL_NAME, RESOURCE_ID, FUNCTION_ID, URL_NOTE ) VALUES ( 'DEMO02080103', 'mailaddresscategory.cmd?method=detail', 'DEMO020801', 'DEMO0208', 'null' );
INSERT INTO  PUB_URLS(URL_ID, URL_NAME, RESOURCE_ID, FUNCTION_ID, URL_NOTE ) VALUES ( 'DEMO02080104', 'mailaddresscategory.cmd?method=forinsert', 'DEMO020801', 'DEMO0208', 'null' );
INSERT INTO  PUB_URLS(URL_ID, URL_NAME, RESOURCE_ID, FUNCTION_ID, URL_NOTE ) VALUES ( 'DEMO02080105', 'mailaddresscategory.cmd?method=forupdate', 'DEMO020801', 'DEMO0208', 'null' );
INSERT INTO  PUB_URLS(URL_ID, URL_NAME, RESOURCE_ID, FUNCTION_ID, URL_NOTE ) VALUES ( 'DEMO02080106', 'mailaddresscategory.cmd?method=delete', 'DEMO020801', 'DEMO0208', 'null' );
INSERT INTO  PUB_URLS(URL_ID, URL_NAME, RESOURCE_ID, FUNCTION_ID, URL_NOTE ) VALUES ( 'DEMO02080107', 'mailaddresscategory.cmd?method=insert', 'DEMO020801', 'DEMO0208', 'null' );
INSERT INTO  PUB_URLS(URL_ID, URL_NAME, RESOURCE_ID, FUNCTION_ID, URL_NOTE ) VALUES ( 'DEMO02080108', 'mailaddresscategory.cmd?method=update', 'DEMO020801', 'DEMO0208', 'null' );

INSERT INTO  PUB_URLS(URL_ID, URL_NAME, RESOURCE_ID, FUNCTION_ID, URL_NOTE ) VALUES ( 'DEMO02090101', 'mailblacklistquery.cmd', 'DEMO020901', 'DEMO0209', 'null' );

INSERT INTO  PUB_URLS(URL_ID, URL_NAME, RESOURCE_ID, FUNCTION_ID, URL_NOTE ) VALUES ( 'DEMO02100101', 'defmailconfig.cmd?method=update', 'DEMO021001', 'DEMO0210', 'null' );
INSERT INTO  PUB_URLS(URL_ID, URL_NAME, RESOURCE_ID, FUNCTION_ID, URL_NOTE ) VALUES ( 'DEMO02100102', 'defmailconfig.cmd?method=forupdate', 'DEMO021001', 'DEMO0210', 'null' );
